-- RICH DATA GENERATOR OUTPUT
TRUNCATE TABLE OrderDetails, Orders, ProductVariants, ProductComments, Reviews, Wishlist, Products, Categories, Colors, Sizes, Customers, NewsletterSubscribers, PasswordResetTokens RESTART IDENTITY CASCADE;
-- 1. Categories
INSERT INTO Categories (CategoryID, CategoryName, Description) VALUES (1, 'Áo nam', 'Các loại áo dành cho nam giới');
INSERT INTO Categories (CategoryID, CategoryName, Description) VALUES (2, 'Quần nam', 'Các loại quần dành cho nam giới');
INSERT INTO Categories (CategoryID, CategoryName, Description) VALUES (3, 'Áo nữ', 'Các loại áo dành cho nữ giới');
INSERT INTO Categories (CategoryID, CategoryName, Description) VALUES (4, 'Quần nữ', 'Các loại quần dành cho nữ giới');
INSERT INTO Categories (CategoryID, CategoryName, Description) VALUES (5, 'Váy đầm', 'Các loại váy và đầm dành cho nữ giới');
INSERT INTO Categories (CategoryID, CategoryName, Description) VALUES (6, 'Phụ kiện', 'Các loại phụ kiện thời trang');

-- 2. Colors
INSERT INTO Colors (ColorID, ColorName) VALUES (1, 'Đen');
INSERT INTO Colors (ColorID, ColorName) VALUES (2, 'Trắng');
INSERT INTO Colors (ColorID, ColorName) VALUES (3, 'Đỏ');
INSERT INTO Colors (ColorID, ColorName) VALUES (4, 'Xanh dương');
INSERT INTO Colors (ColorID, ColorName) VALUES (5, 'Xanh lá');
INSERT INTO Colors (ColorID, ColorName) VALUES (6, 'Vàng');
INSERT INTO Colors (ColorID, ColorName) VALUES (7, 'Hồng');
INSERT INTO Colors (ColorID, ColorName) VALUES (8, 'Xám');
INSERT INTO Colors (ColorID, ColorName) VALUES (9, 'Nâu');
INSERT INTO Colors (ColorID, ColorName) VALUES (10, 'Tím');
INSERT INTO Colors (ColorID, ColorName) VALUES (11, 'Cam');
INSERT INTO Colors (ColorID, ColorName) VALUES (12, 'Kem');

-- 3. Sizes
INSERT INTO Sizes (SizeID, SizeName) VALUES (1, 'S');
INSERT INTO Sizes (SizeID, SizeName) VALUES (2, 'M');
INSERT INTO Sizes (SizeID, SizeName) VALUES (3, 'L');
INSERT INTO Sizes (SizeID, SizeName) VALUES (4, 'XL');
INSERT INTO Sizes (SizeID, SizeName) VALUES (5, 'XXL');
INSERT INTO Sizes (SizeID, SizeName) VALUES (6, '28');
INSERT INTO Sizes (SizeID, SizeName) VALUES (7, '29');
INSERT INTO Sizes (SizeID, SizeName) VALUES (8, '30');
INSERT INTO Sizes (SizeID, SizeName) VALUES (9, '31');
INSERT INTO Sizes (SizeID, SizeName) VALUES (10, '32');
INSERT INTO Sizes (SizeID, SizeName) VALUES (11, '33');
INSERT INTO Sizes (SizeID, SizeName) VALUES (12, '34');

-- 4. Customers (200)
INSERT INTO Customers (CustomerID, FullName, Email, Password, PhoneNumber, Address, IsAdmin, CreatedAt) VALUES
(1, 'Nguyễn Văn An', 'an.nguyen@example.com', 'pbkdf2:sha256:600000$XDV5QUQ3okhGw4Yr$89c269aa7832d6cb668604d0dec99cb4280306451ce2a418478bb7b6375e8ce3', '0901234567', '123 Đường Lê Lợi, Quận 1, TP.HCM', FALSE, CURRENT_TIMESTAMP),
(2, 'Trần Thị Bình', 'binh.tran@example.com', 'pbkdf2:sha256:600000$XDV5QUQ3okhGw4Yr$89c269aa7832d6cb668604d0dec99cb4280306451ce2a418478bb7b6375e8ce3', '0912345678', '456 Đường Nguyễn Huệ, Quận 1, TP.HCM', FALSE, CURRENT_TIMESTAMP),
(3, 'Lê Văn Cường', 'cuong.le@example.com', 'pbkdf2:sha256:600000$XDV5QUQ3okhGw4Yr$89c269aa7832d6cb668604d0dec99cb4280306451ce2a418478bb7b6375e8ce3', '0923456789', '789 Đường Cách Mạng Tháng 8, Quận 3, TP.HCM', FALSE, CURRENT_TIMESTAMP),
(4, 'Phạm Thị Dung', 'dung.pham@example.com', 'pbkdf2:sha256:600000$XDV5QUQ3okhGw4Yr$89c269aa7832d6cb668604d0dec99cb4280306451ce2a418478bb7b6375e8ce3', '0934567890', '101 Đường Võ Văn Tần, Quận 3, TP.HCM', FALSE, CURRENT_TIMESTAMP),
(5, 'Hoàng Văn Em', 'em.hoang@example.com', 'pbkdf2:sha256:600000$XDV5QUQ3okhGw4Yr$89c269aa7832d6cb668604d0dec99cb4280306451ce2a418478bb7b6375e8ce3', '0945678901', '202 Đường Nguyễn Thị Minh Khai, Quận 1, TP.HCM', FALSE, CURRENT_TIMESTAMP),
(6, 'Nguyễn Thị Hương', 'huong.nguyen@example.com', 'pbkdf2:sha256:600000$XDV5QUQ3okhGw4Yr$89c269aa7832d6cb668604d0dec99cb4280306451ce2a418478bb7b6375e8ce3', '0987654321', '25 Đường Lý Tự Trọng, Quận 1, TP.HCM', FALSE, CURRENT_TIMESTAMP),
(7, 'Trần Văn Minh', 'minh.tran@example.com', 'pbkdf2:sha256:600000$XDV5QUQ3okhGw4Yr$89c269aa7832d6cb668604d0dec99cb4280306451ce2a418478bb7b6375e8ce3', '0976543210', '42 Đường Nguyễn Đình Chiểu, Quận 3, TP.HCM', FALSE, CURRENT_TIMESTAMP),
(8, 'Lê Thị Lan', 'lan.le@example.com', 'pbkdf2:sha256:600000$XDV5QUQ3okhGw4Yr$89c269aa7832d6cb668604d0dec99cb4280306451ce2a418478bb7b6375e8ce3', '0965432109', '78 Đường Trần Hưng Đạo, Quận 5, TP.HCM', FALSE, CURRENT_TIMESTAMP),
(9, 'Phạm Văn Đức', 'duc.pham@example.com', 'pbkdf2:sha256:600000$XDV5QUQ3okhGw4Yr$89c269aa7832d6cb668604d0dec99cb4280306451ce2a418478bb7b6375e8ce3', '0954321098', '15 Đường Lê Duẩn, Quận 1, TP.HCM', FALSE, CURRENT_TIMESTAMP),
(10, 'Vũ Thị Mai', 'mai.vu@example.com', 'pbkdf2:sha256:600000$XDV5QUQ3okhGw4Yr$89c269aa7832d6cb668604d0dec99cb4280306451ce2a418478bb7b6375e8ce3', '0943210987', '63 Đường Nguyễn Trãi, Quận 5, TP.HCM', FALSE, CURRENT_TIMESTAMP),
(11, 'Admin', 'admin123@gmail.com', 'pbkdf2:sha256:600000$XDV5QUQ3okhGw4Yr$89c269aa7832d6cb668604d0dec99cb4280306451ce2a418478bb7b6375e8ce3', '0000000000', 'Quản trị viên', TRUE, CURRENT_TIMESTAMP),
(12, 'Đặng Thanh Ngọc', 'ngoc.dang12@outlook.com', 'pbkdf2:sha256:600000$GDeGsFMpojnz6ocw$84e88e4a361fddab6ee2b55d4e41091bce096fa5fe01b5d2ead1e6aa613cf127', '0966074769', '361B Đường Lý Tự Trọng, Quận 10, TP. Hồ Chí Minh', FALSE, CURRENT_TIMESTAMP - (random() * 365 || ' days')::interval),
(13, 'Hồ Thành Việt', 'vietho1367@yahoo.com', 'pbkdf2:sha256:600000$y51BG0BIHmPHrLZd$9e9c8f435fceb914ca4e7188ad0f10afa88f4e4bd6177a2d78b01c74492b80db', '0940828928', '326/12 Đường Hùng Vương, Quận 5, TP. Hồ Chí Minh', FALSE, CURRENT_TIMESTAMP - (random() * 365 || ' days')::interval),
(14, 'Đỗ Mai Hà', 'ha.md14@yahoo.com', 'pbkdf2:sha256:600000$lxvg3m5tn9VZihXs$659b1a38c0d9318e8bc85cfd2cdf43792c0cbd04661777af2430781973909ca5', '0935723670', '194A Đường Lý Tự Trọng, Quận Hồng Bàng, Hải Phòng', FALSE, CURRENT_TIMESTAMP - (random() * 365 || ' days')::interval),
(15, 'Dương Minh An', 'duong.an15@fpt.edu.vn', 'pbkdf2:sha256:600000$51haUFtzUmmXWG0s$a50b699257327b5773fc2cca559fb8dc24f43749cb27f258f61f633e3b55a3eb', '0951289433', '329B Đường Đồng Khởi, Quận Ô Môn, Cần Thơ', FALSE, CURRENT_TIMESTAMP - (random() * 365 || ' days')::interval),
(16, 'Vũ Minh Tùng', 'tung.mv16@vnu.edu.vn', 'pbkdf2:sha256:600000$KxmjisudKHjCBm1v$caa9a42d871dd5c7b0224699996a7b27a6575348394361c1c1924433bfa7b9f8', '0998415985', '15A Đường Nguyễn Thị Minh Khai, Q.Thủ Đức, TP. Hồ Chí Minh', FALSE, CURRENT_TIMESTAMP - (random() * 365 || ' days')::interval),
(17, 'Phan Văn Khải', 'khai.vp17@vnu.edu.vn', 'pbkdf2:sha256:600000$M4DF1Z6t9rxnTXwy$3b133027a930d468f886a32559b01b4f17457acc82b4d8c98da08727b1faa4b2', '0979309741', '256/2 Đường Phan Chu Trinh, Quận Ba Đình, Hà Nội', FALSE, CURRENT_TIMESTAMP - (random() * 365 || ' days')::interval),
(18, 'Phạm Bảo Vy', 'vypham1810@fpt.edu.vn', 'pbkdf2:sha256:600000$jNfk1AacGZCKpUAz$965a85d87940511b9cbeddd4a4f423ced3949650e6d9d1d6ee9ca7eea962533c', '0964465500', '345B Đường Nguyễn Huệ, Quận Hà Đông, Hà Nội', FALSE, CURRENT_TIMESTAMP - (random() * 365 || ' days')::interval),
(19, 'Vũ Trọng Quân', 'vu.quan19@vnu.edu.vn', 'pbkdf2:sha256:600000$jHUDURnWfaBefUEC$2b6fb4ae2a0f5737b2d3e22efb294c5cadd6e5a1dede20a8e99d4255024f6d38', '0990641718', '167A Đường Trần Hưng Đạo, Quận Tân Bình, TP. Hồ Chí Minh', FALSE, CURRENT_TIMESTAMP - (random() * 365 || ' days')::interval),
(20, 'Phan Huyền Hoa', 'hoa.phan20@yahoo.com', 'pbkdf2:sha256:600000$Xi5POD6LMgmQj3iU$127075ed9dca1ccb704ce50e0207fb8a7077d8cc3acd9630b218c63daab94f15', '0983428167', '5B Đường Đồng Khởi, Quận Hải Châu, Đà Nẵng', FALSE, CURRENT_TIMESTAMP - (random() * 365 || ' days')::interval),
(21, 'Đặng Thành Hùng', 'hung.td21@hotmail.com', 'pbkdf2:sha256:600000$dipOVgRZomC1SxRs$a598a3a4fdd22efe5ffab5e10111f881f3fa2ee684b603d0fd872d14fab97ae4', '0915248287', '221B Đường Lý Tự Trọng, Quận Ninh Kiều, Cần Thơ', FALSE, CURRENT_TIMESTAMP - (random() * 365 || ' days')::interval),
(22, 'Lý Thu Trang', 'trangly2292@vnu.edu.vn', 'pbkdf2:sha256:600000$Yu5sm1JX9bZrb6g8$bcc71122c60cf4c8d87e38878a04c254b00a24b6f4a3283f9a4013cef100711d', '0915636599', '410 Đường Hùng Vương, Quận Sơn Trà, Đà Nẵng', FALSE, CURRENT_TIMESTAMP - (random() * 365 || ' days')::interval),
(23, 'Võ Công Minh', 'minh.cv23@gmail.com', 'pbkdf2:sha256:600000$3BBwP50IVZtLzSCn$70309e0033c11b2195785072f1f9a708039cfb9f7389d0e0d2fad68679e21d3e', '0993327843', '151/12 Đường Điện Biên Phủ, Quận Tân Bình, TP. Hồ Chí Minh', FALSE, CURRENT_TIMESTAMP - (random() * 365 || ' days')::interval),
(24, 'Đỗ Anh An', 'an.do24@fpt.edu.vn', 'pbkdf2:sha256:600000$GFU9ONT82y1l1gsr$2c4f269cb4c815b87e8f45be5ec79671e6e2707f70b607c4a56596227fcdd3db', '0956908527', '301B Đường Lý Thường Kiệt, Quận Ngô Quyền, Hải Phòng', FALSE, CURRENT_TIMESTAMP - (random() * 365 || ' days')::interval),
(25, 'Võ Bảo Bình', 'vo.binh25@yahoo.com', 'pbkdf2:sha256:600000$HGxAXTPRY92JUFVp$f98e3ac5cbf7c1785b7173c02faba580808b579c15d2bfb13d5b2698bd695358', '0987976209', '286A Đường Lê Lợi, Quận Thanh Khê, Đà Nẵng', FALSE, CURRENT_TIMESTAMP - (random() * 365 || ' days')::interval),
(26, 'Bùi Tất Em', 'em.bui26@outlook.com', 'pbkdf2:sha256:600000$TgIcMY4e4DpAVObI$16df782014214f635eb87128344e9e880ee24de0ce28c89ba2bf26d0534404cc', '0932290400', '427/2 Đường Lý Tự Trọng, Quận Cái Răng, Cần Thơ', FALSE, CURRENT_TIMESTAMP - (random() * 365 || ' days')::interval),
(27, 'Lê Mai Thảo', 'thao.le27@vnu.edu.vn', 'pbkdf2:sha256:600000$h5S2jAbyMJJ1PaiN$fb4aa6b1ff3523a78bc944aefc06342374bc332cda5359b03caf0e3133b771e9', '0921944165', '221 Đường Trần Hưng Đạo, Quận Bình Thủy, Cần Thơ', FALSE, CURRENT_TIMESTAMP - (random() * 365 || ' days')::interval),
(28, 'Hoàng Quang Tùng', 'tunghoang2842@hotmail.com', 'pbkdf2:sha256:600000$A5W6SFK3N5ZtpWMt$548026764dc831a90efd156f278eda1aaa5683b67bff598e1ad02a7748bbd797', '0963398995', '75A Đường Nguyễn Thị Minh Khai, Quận Hải Châu, Đà Nẵng', FALSE, CURRENT_TIMESTAMP - (random() * 365 || ' days')::interval),
(29, 'Đặng Huyền Mai', 'maidang2950@hotmail.com', 'pbkdf2:sha256:600000$rofFF5sZM1zM0DKQ$ee66e59db8941788d91233a0241d5353f33111e990fbad79e6536f5403edaad6', '0942376951', '331/45 Đường Hai Bà Trưng, Quận Tây Hồ, Hà Nội', FALSE, CURRENT_TIMESTAMP - (random() * 365 || ' days')::interval),
(30, 'Lê Minh Phúc', 'le.phuc30@fpt.edu.vn', 'pbkdf2:sha256:600000$XOTz8OiLtqCxStTS$749f0599208bb0f35a3e45859bf9227dc8ede8a7d3abad9c832c60385ce9ebb0', '0993527013', '207/45 Đường Nguyễn Huệ, Quận Đống Đa, Hà Nội', FALSE, CURRENT_TIMESTAMP - (random() * 365 || ' days')::interval),
(31, 'Đặng Trọng Cường', 'cuong.dang31@fpt.edu.vn', 'pbkdf2:sha256:600000$v6z8yWlDi1SC0B9L$20f39161c6ac6a2930dfbf9873798059591468237adf7a92f106b0acf6faa034', '0977304729', '430 Đường Lê Lợi, Quận Ô Môn, Cần Thơ', FALSE, CURRENT_TIMESTAMP - (random() * 365 || ' days')::interval),
(32, 'Đỗ Hữu Khải', 'khai.hd32@yahoo.com', 'pbkdf2:sha256:600000$ZX7ZIqjV32q7dCJT$1bdcff248731376307428379729d094568017ed0c05f5054f08fde6092f89dbf', '0950825933', '329/12 Đường Nguyễn Huệ, Quận Hà Đông, Hà Nội', FALSE, CURRENT_TIMESTAMP - (random() * 365 || ' days')::interval),
(33, 'Võ Đức Hùng', 'hungvo3393@gmail.com', 'pbkdf2:sha256:600000$kdFGdJDD4Bil4MP7$bc9e1765436f79f7a544f0a433b4542f35f41a072d20c5e5b97f7759ba8efb64', '0990489814', '320/2 Đường Nguyễn Huệ, Quận 10, TP. Hồ Chí Minh', FALSE, CURRENT_TIMESTAMP - (random() * 365 || ' days')::interval),
(34, 'Ngô Tất Em', 'emngo3476@hotmail.com', 'pbkdf2:sha256:600000$Yuv5l5KUyIIyfw5S$9aa03f17d08cb8ef61de2583dfae93a6dccd583554ebe6e3513569ebdf4d7d36', '0968086504', '355/12 Đường Bạch Đằng, Quận Hà Đông, Hà Nội', FALSE, CURRENT_TIMESTAMP - (random() * 365 || ' days')::interval),
(35, 'Phạm Thanh Lan', 'pham.lan35@gmail.com', 'pbkdf2:sha256:600000$kGxaIPm4ocAoKet0$596c8cd4a55e3d890aeb452d6ada87fe24bd21a7037d505f2c34d61dfa7cc226', '0916007527', '251A Đường Phan Chu Trinh, Quận Lê Chân, Hải Phòng', FALSE, CURRENT_TIMESTAMP - (random() * 365 || ' days')::interval),
(36, 'Lý Trọng Phúc', 'ly.phuc36@fpt.edu.vn', 'pbkdf2:sha256:600000$o0g3gyncYLOuu4yw$20464a7d963d47991f4690b4a630e7ba0b02c2844c64ac4d57c1e1ac3bd304b0', '0943356428', '80/2 Đường Điện Biên Phủ, Quận Ba Đình, Hà Nội', FALSE, CURRENT_TIMESTAMP - (random() * 365 || ' days')::interval),
(37, 'Hoàng Diệu Quỳnh', 'quynh.dh37@outlook.com', 'pbkdf2:sha256:600000$ANK0yAvnIqzAqVbp$934b4dee3b4f733ac889c19a99f7fad99ce701470d37b3a5422e7572e15d05ea', '0981748925', '371B Đường Lý Tự Trọng, Quận 5, TP. Hồ Chí Minh', FALSE, CURRENT_TIMESTAMP - (random() * 365 || ' days')::interval),
(38, 'Vũ Anh Sơn', 'son.vu38@hotmail.com', 'pbkdf2:sha256:600000$OBcQoiLz3ZhbeSBc$37f50c106f69279ab8af4c10b1bbda67f6cc2b8987ff72f524e9c0f82c4832c8', '0941641248', '357/2 Đường Lê Lợi, Quận Hoàn Kiếm, Hà Nội', FALSE, CURRENT_TIMESTAMP - (random() * 365 || ' days')::interval),
(39, 'Võ Đức Tùng', 'vo.tung39@yahoo.com', 'pbkdf2:sha256:600000$eUS6xKCC5w3JzTEO$4742d97a78cfa943d6668195e9cd54cd52381e3a37c4f41eb6bfb4b81d0c9892', '0954571846', '13/2 Đường Điện Biên Phủ, Quận Ô Môn, Cần Thơ', FALSE, CURRENT_TIMESTAMP - (random() * 365 || ' days')::interval),
(40, 'Đỗ Mai Lan', 'lan.do40@yahoo.com', 'pbkdf2:sha256:600000$AEHMKBTobw3pQ1qp$df1e73df0731ce554a3f49fedcf8903146cd944a001a769485673b606f7270f8', '0945922537', '321/12 Đường Nguyễn Thị Minh Khai, Quận Sơn Trà, Đà Nẵng', FALSE, CURRENT_TIMESTAMP - (random() * 365 || ' days')::interval),
(41, 'Phạm Thành Long', 'long.pham41@gmail.com', 'pbkdf2:sha256:600000$0gUmHTStYf8CLSpD$7d61a394e02b7dc0d0625710a2b0b284a7686ac0ea975055fc0aa471b61373ce', '0929580049', '374/12 Đường Lê Duẩn, Quận Hải Châu, Đà Nẵng', FALSE, CURRENT_TIMESTAMP - (random() * 365 || ' days')::interval),
(42, 'Đặng Quỳnh Ngọc', 'ngocdang4223@hotmail.com', 'pbkdf2:sha256:600000$YedclNfXeOrtAhmH$b02677bc902d532a82609ddf77855b1ede657ef5a649e90baf8d370ccf8db1d8', '0951109263', '315A Đường Cách Mạng Tháng 8, Quận Liên Chiểu, Đà Nẵng', FALSE, CURRENT_TIMESTAMP - (random() * 365 || ' days')::interval),
(43, 'Lý Trọng Long', 'long.ly43@fpt.edu.vn', 'pbkdf2:sha256:600000$VX0nh889FJlpzk21$9ea9e65307bbebd7d04dc8c617c0306ef2b16f8f601301ba27bec97d45d8aa44', '0953901760', '304/12 Đường Trần Phú, Quận Gò Vấp, TP. Hồ Chí Minh', FALSE, CURRENT_TIMESTAMP - (random() * 365 || ' days')::interval),
(44, 'Ngô Huyền An', 'an.hn44@yahoo.com', 'pbkdf2:sha256:600000$Oxx6Chbkn0ZsJaC6$27b8521f9918a36ff2118e694bb6f31d9a7f762fbe8acbfa7592bcef28370002', '0986013071', '316 Đường Cách Mạng Tháng 8, Quận Lê Chân, Hải Phòng', FALSE, CURRENT_TIMESTAMP - (random() * 365 || ' days')::interval),
(45, 'Trần Anh Hùng', 'hung.at45@vnu.edu.vn', 'pbkdf2:sha256:600000$28czuxfaZNRWtsqV$8feee87b8253ee8e67bcac83d83ee8073c73c80ca245753f2fe6930e1128e280', '0996741885', '195 Đường Lê Lợi, Quận Tây Hồ, Hà Nội', FALSE, CURRENT_TIMESTAMP - (random() * 365 || ' days')::interval),
(46, 'Hồ Thu Hoa', 'hoa.ho46@vnu.edu.vn', 'pbkdf2:sha256:600000$Kx3pcNbC3iPWJekZ$7610be3f152d7763c3b2f3e0eaf193f09bd5b728541faa930692523133446e35', '0986541462', '38/2 Đường Phan Chu Trinh, Quận Tây Hồ, Hà Nội', FALSE, CURRENT_TIMESTAMP - (random() * 365 || ' days')::interval),
(47, 'Võ Tất Hùng', 'hung.tv47@outlook.com', 'pbkdf2:sha256:600000$jliRIlIjSDrX4n8v$1ae67f682105fbf4d973e3fb3c3a403b465ac1b6557472260d7dbf785be5a59c', '0965426683', '22A Đường Hùng Vương, Quận 10, TP. Hồ Chí Minh', FALSE, CURRENT_TIMESTAMP - (random() * 365 || ' days')::interval),
(48, 'Vũ Thu Dung', 'dung.vu48@hotmail.com', 'pbkdf2:sha256:600000$6z7YPw17WxQvo4D1$1f1b36cb8776be2fe53e1184d62d5fd74ac577fbf40a0039586d0247cea1a551', '0925023597', '87/12 Đường Lý Thường Kiệt, Quận Ngô Quyền, Hải Phòng', FALSE, CURRENT_TIMESTAMP - (random() * 365 || ' days')::interval),
(49, 'Vũ Bảo Cường', 'cuong.bv49@gmail.com', 'pbkdf2:sha256:600000$JwXwXEVm6PhneNhk$fe771e950813e7b3e7c289ffae1803c986f30037123ffcda210ffbc280df35f3', '0951287705', '113B Đường Trần Hưng Đạo, Quận Bình Thủy, Cần Thơ', FALSE, CURRENT_TIMESTAMP - (random() * 365 || ' days')::interval),
(50, 'Bùi Trọng Bình', 'bui.binh50@outlook.com', 'pbkdf2:sha256:600000$rmNMfEymwQhs03WY$bb9cd93239fc08609361bbee67bb0e9218ed4e422d6e93946ffa3be8945a0216', '0944146548', '181/12 Đường Hai Bà Trưng, Quận Ô Môn, Cần Thơ', FALSE, CURRENT_TIMESTAMP - (random() * 365 || ' days')::interval),
(51, 'Bùi Minh Duy', 'duybui5167@yahoo.com', 'pbkdf2:sha256:600000$mxM2PJy4YjKAmK8a$7a0f6a122e603f5d54051cb0c1e3dbed17b54d47fcb8e1b27c95e57ca6f3631f', '0958209873', '373/2 Đường Bạch Đằng, Quận Hải An, Hải Phòng', FALSE, CURRENT_TIMESTAMP - (random() * 365 || ' days')::interval),
(52, 'Phạm Diệu An', 'anpham5256@gmail.com', 'pbkdf2:sha256:600000$cn48TMLT524kQCDW$2e5acc6a3f98c40a59b2e80493f3514104cb9afd1cb9bf17cceef0268efa413c', '0995645472', '193/2 Đường Nguyễn Huệ, Quận Ba Đình, Hà Nội', FALSE, CURRENT_TIMESTAMP - (random() * 365 || ' days')::interval),
(53, 'Lý Phương Lan', 'ly.lan53@gmail.com', 'pbkdf2:sha256:600000$M0208qFZr9vF9R6Z$6c810c860e8a2fba275853df0cda0f7ffac706175b7ee6627d69f181aaa6efd3', '0938099838', '222/2 Đường Bạch Đằng, Quận Bình Thủy, Cần Thơ', FALSE, CURRENT_TIMESTAMP - (random() * 365 || ' days')::interval),
(54, 'Phan Đức Cường', 'cuong.phan54@gmail.com', 'pbkdf2:sha256:600000$5yJpscwtKy3TdfhU$9e8a9c41f2bc893e5dc7e9c0ab1cf3e70b6afb4f0e257b90dfce71c915aa78c9', '0933882009', '232 Đường Trần Hưng Đạo, Quận Tây Hồ, Hà Nội', FALSE, CURRENT_TIMESTAMP - (random() * 365 || ' days')::interval),
(55, 'Võ Diệu Vy', 'vy.vo55@outlook.com', 'pbkdf2:sha256:600000$2yt5jExabpOhFDJd$cf096584bbb2966c152964cca0a6b7c82799ff738b566c8d8f14bc88084e4dbc', '0937872805', '15B Đường Nguyễn Thị Minh Khai, Quận Hải Châu, Đà Nẵng', FALSE, CURRENT_TIMESTAMP - (random() * 365 || ' days')::interval),
(56, 'Lý Đức Minh', 'minh.dl56@gmail.com', 'pbkdf2:sha256:600000$KFXCtyvza4tXae54$ac4fbe6fd7cad31581294b484c6fb73b373a2611a04ed88242bd80fae7321f3b', '0979395223', '144/12 Đường Lê Lợi, Quận Cái Răng, Cần Thơ', FALSE, CURRENT_TIMESTAMP - (random() * 365 || ' days')::interval),
(57, 'Ngô Thu Hà', 'ha.tn57@fpt.edu.vn', 'pbkdf2:sha256:600000$0X5vuP5DaJMDohOT$df8768450ce1c18d7f0428f7fc65ac63ec7f240223956737fb50aa405605e008', '0929598195', '7A Đường Lê Duẩn, Quận Ngũ Hành Sơn, Đà Nẵng', FALSE, CURRENT_TIMESTAMP - (random() * 365 || ' days')::interval),
(58, 'Võ Thanh Lan', 'lan.vo58@vnu.edu.vn', 'pbkdf2:sha256:600000$iG8VytVH4b3o1F8L$8101b531c288d2901bc5257722b77a2d6d47de06b4fdf217a59016b21b09d3ba', '0951578884', '140B Đường Nguyễn Huệ, Quận Cái Răng, Cần Thơ', FALSE, CURRENT_TIMESTAMP - (random() * 365 || ' days')::interval),
(59, 'Lý Mai Trang', 'trangly5912@outlook.com', 'pbkdf2:sha256:600000$EMseRHmTfw0kfnjx$8fb4c79d87f8db9993d2fb908692b5ff905c6e935f74a0bc0c5c72679dcb3224', '0945821917', '116B Đường Lý Tự Trọng, Quận Ngô Quyền, Hải Phòng', FALSE, CURRENT_TIMESTAMP - (random() * 365 || ' days')::interval),
(60, 'Hồ Minh Hương', 'huong.mh60@gmail.com', 'pbkdf2:sha256:600000$R9bX3nE6ASnfCZqy$fde8e2c949a2261a41b12837f948d809106460ae151258960ae4145c5a1c4802', '0917689823', '51/2 Đường Phan Chu Trinh, Quận Liên Chiểu, Đà Nẵng', FALSE, CURRENT_TIMESTAMP - (random() * 365 || ' days')::interval),
(61, 'Phạm Tất Phúc', 'pham.phuc61@fpt.edu.vn', 'pbkdf2:sha256:600000$SbLkg1NsFlBf726A$d61f80abb09fd387848d54b1b3815c4fb288a472d58b0cb31cbea5696e341835', '0989265354', '169A Đường Phan Chu Trinh, Quận Hải An, Hải Phòng', FALSE, CURRENT_TIMESTAMP - (random() * 365 || ' days')::interval),
(62, 'Trần Phương Hương', 'tran.huong62@vnu.edu.vn', 'pbkdf2:sha256:600000$rFcnwl7gacYQfckL$41a887d3513e0e1f2f93515979b64b3b7193290324e3b27a67a6c87e397679c8', '0993346226', '140/2 Đường Trần Hưng Đạo, Quận Ngô Quyền, Hải Phòng', FALSE, CURRENT_TIMESTAMP - (random() * 365 || ' days')::interval),
(63, 'Võ Thành Việt', 'viet.vo63@outlook.com', 'pbkdf2:sha256:600000$LaDsAkTeaIa7qhFA$6d634b8370c90650ca085fb0b298f63e7b875abc7b9552a2690c868bf4c29a26', '0971972084', '342/12 Đường Hùng Vương, Quận Hai Bà Trưng, Hà Nội', FALSE, CURRENT_TIMESTAMP - (random() * 365 || ' days')::interval),
(64, 'Dương Quỳnh Vy', 'vy.qd64@vnu.edu.vn', 'pbkdf2:sha256:600000$26bxnjVUeUy55Lyf$8f708cdcdcfc2cd9859fded946779525a7fd7adbdc6c8059ba343e6631060201', '0963139265', '69/12 Đường Phan Chu Trinh, Quận Ninh Kiều, Cần Thơ', FALSE, CURRENT_TIMESTAMP - (random() * 365 || ' days')::interval),
(65, 'Ngô Ánh Hương', 'ngo.huong65@vnu.edu.vn', 'pbkdf2:sha256:600000$UpZMNYy8Eii0kMLj$a9ca576c77e7d8f042ad419767e82a3edc55d0352113c2d29683419cec5b6614', '0947467509', '293 Đường Điện Biên Phủ, Quận Ngô Quyền, Hải Phòng', FALSE, CURRENT_TIMESTAMP - (random() * 365 || ' days')::interval),
(66, 'Lý Bảo Quỳnh', 'quynh.ly66@yahoo.com', 'pbkdf2:sha256:600000$PwpXrELWTQ0QR8MI$d288e5ee6b8444e548cc678fea9d686d15ce5be7147dd9926446a4c3fb04bf86', '0949757240', '301/2 Đường Hai Bà Trưng, Quận Gò Vấp, TP. Hồ Chí Minh', FALSE, CURRENT_TIMESTAMP - (random() * 365 || ' days')::interval),
(67, 'Phan Đức Dũng', 'dung.dp67@yahoo.com', 'pbkdf2:sha256:600000$Nwaw4Pxvh2xviOIB$90484e74d2292e93e31efaa5af6f99cd8c24c77c5948cdc5f87ef4e2616204ee', '0973156389', '196A Đường Trần Phú, Quận Bình Thạnh, TP. Hồ Chí Minh', FALSE, CURRENT_TIMESTAMP - (random() * 365 || ' days')::interval),
(68, 'Nguyễn Thị Dung', 'dung.nguyen68@gmail.com', 'pbkdf2:sha256:600000$nuhvhT8OWXct0zIC$244329bf8a05906f4732d4c2e14ed1854714aad551edb1afb808c6a7da96f27f', '0918862252', '215A Đường Lý Tự Trọng, Quận Hải An, Hải Phòng', FALSE, CURRENT_TIMESTAMP - (random() * 365 || ' days')::interval),
(69, 'Hoàng Mai Hà', 'ha.hoang69@gmail.com', 'pbkdf2:sha256:600000$fEIZhMoiE7ztpccJ$64122ba6a7947f99dcbd71df5bc32008079eb70cf20c03a2997074c4a3696919', '0997551512', '285A Đường Lý Tự Trọng, Quận Tây Hồ, Hà Nội', FALSE, CURRENT_TIMESTAMP - (random() * 365 || ' days')::interval),
(70, 'Ngô Anh Phúc', 'phucngo7031@outlook.com', 'pbkdf2:sha256:600000$a4tGiNJew4KLDkdr$2a57275954cc4659ceeeb21f8f8678d109fbd745942dcebea739bb8307baffda', '0933265132', '432 Đường Nguyễn Huệ, Quận Bình Thủy, Cần Thơ', FALSE, CURRENT_TIMESTAMP - (random() * 365 || ' days')::interval),
(71, 'Lý Ngọc Mai', 'ly.mai71@fpt.edu.vn', 'pbkdf2:sha256:600000$pMg5xu1WZzn2TIOA$1b660cfe06968a83bf4ada2208ed3814c6ddbcfcaf8796ffcc4acfe8069d9954', '0970896946', '50/12 Đường Hùng Vương, Quận Cầu Giấy, Hà Nội', FALSE, CURRENT_TIMESTAMP - (random() * 365 || ' days')::interval),
(72, 'Đặng Tất Phúc', 'dang.phuc72@outlook.com', 'pbkdf2:sha256:600000$vf9bBGee4bMRh53O$9e8dbfb2f5449cbd51a08656794466e9ce18e04f57f1c7d0c72c958549f5ce37', '0924669810', '84/12 Đường Lê Duẩn, Quận Ngũ Hành Sơn, Đà Nẵng', FALSE, CURRENT_TIMESTAMP - (random() * 365 || ' days')::interval),
(73, 'Ngô Mai Mai', 'maingo7397@fpt.edu.vn', 'pbkdf2:sha256:600000$LXdW2B8q7CsMbVLJ$a5717af5ecf64365012f7060ed8b9c6ec2f86b5544b88200d02357808b8ab66e', '0915306536', '128 Đường Điện Biên Phủ, Quận Hồng Bàng, Hải Phòng', FALSE, CURRENT_TIMESTAMP - (random() * 365 || ' days')::interval),
(74, 'Phạm Thế Việt', 'viet.tp74@hotmail.com', 'pbkdf2:sha256:600000$FFUFO6Feve6Emm4W$e6ff06897478989e4c1400ae8772b6b5867f851d0189e8d5d0936a1afdfca05b', '0963603813', '118/45 Đường Bạch Đằng, Quận Ô Môn, Cần Thơ', FALSE, CURRENT_TIMESTAMP - (random() * 365 || ' days')::interval),
(75, 'Lê Ánh Dung', 'le.dung75@gmail.com', 'pbkdf2:sha256:600000$sXiQ9z8pk8Y2FVje$54ed9547b39fd1cafcd305c5da0bd8b13acfc14a08177dab75b71d659f628afd', '0951694791', '251A Đường Đồng Khởi, Quận Cầu Giấy, Hà Nội', FALSE, CURRENT_TIMESTAMP - (random() * 365 || ' days')::interval),
(76, 'Phan Anh Hùng', 'phan.hung76@gmail.com', 'pbkdf2:sha256:600000$p2ve0JqrKEw7HP42$89d98b4e544219e685645b5e9d7a895eece6bd59ab9300003ea2e23058d1514f', '0945917503', '188A Đường Bạch Đằng, Quận Đống Đa, Hà Nội', FALSE, CURRENT_TIMESTAMP - (random() * 365 || ' days')::interval),
(77, 'Nguyễn Thanh Vy', 'vy.nguyen77@hotmail.com', 'pbkdf2:sha256:600000$v7awl3K9R4PQgXxL$17049c39bb778b28acda7543200d49c2b5239553e24377a747611a5939660f24', '0965637476', '223/12 Đường Bạch Đằng, Quận Thanh Khê, Đà Nẵng', FALSE, CURRENT_TIMESTAMP - (random() * 365 || ' days')::interval),
(78, 'Nguyễn Đức Minh', 'minh.nguyen78@fpt.edu.vn', 'pbkdf2:sha256:600000$FuiIT2GDppM07PvM$a1f2d7ac8c20531b79397adac3f375e99205c1a4f800915540fff770cbabf985', '0911699489', '153/45 Đường Lê Lợi, Quận Bình Thạnh, TP. Hồ Chí Minh', FALSE, CURRENT_TIMESTAMP - (random() * 365 || ' days')::interval),
(79, 'Nguyễn Mai Hà', 'ha.nguyen79@outlook.com', 'pbkdf2:sha256:600000$8Qo0OZn8XKNtXcp0$78c2e87f96248104d596f18f82298379cb01011fc06d95d6833b15d1c236de5c', '0941710507', '22/12 Đường Cách Mạng Tháng 8, Quận Ninh Kiều, Cần Thơ', FALSE, CURRENT_TIMESTAMP - (random() * 365 || ' days')::interval),
(80, 'Vũ Minh Linh', 'linh.mv80@fpt.edu.vn', 'pbkdf2:sha256:600000$wBWhcR6tkQKoGP9H$1a4e6b854fa714b15079ae8e421f8219324f55e7262edd96b5e0fea534b53cf1', '0961913853', '355/45 Đường Lý Thường Kiệt, Quận Cái Răng, Cần Thơ', FALSE, CURRENT_TIMESTAMP - (random() * 365 || ' days')::interval),
(81, 'Đỗ Phương Linh', 'linh.do81@vnu.edu.vn', 'pbkdf2:sha256:600000$DDzaD2Erlcq1H9K6$6cf0dd2721f997ab36e8a71eae42ba3b807131184d8cee29d9e9d7aa31785a25', '0912483308', '6 Đường Lý Tự Trọng, Quận Ngũ Hành Sơn, Đà Nẵng', FALSE, CURRENT_TIMESTAMP - (random() * 365 || ' days')::interval),
(82, 'Lê Minh Hoa', 'hoa.le82@yahoo.com', 'pbkdf2:sha256:600000$DJBxsiRgwFbcw7LY$40613ad4557e0f3cb6c7b26e4a5b054bf5cb899cedc0134dfb854b794cdc5203', '0959539134', '142/12 Đường Đồng Khởi, Quận Ba Đình, Hà Nội', FALSE, CURRENT_TIMESTAMP - (random() * 365 || ' days')::interval),
(83, 'Võ Thế Long', 'long.vo83@vnu.edu.vn', 'pbkdf2:sha256:600000$ERs0JqbJFRprG2uz$f5c6846058ede4d0ba5cc99c383d16ca7294ef324ca0089bc9f0b914f34fd96e', '0977593423', '356 Đường Cách Mạng Tháng 8, Quận 7, TP. Hồ Chí Minh', FALSE, CURRENT_TIMESTAMP - (random() * 365 || ' days')::interval),
(84, 'Đỗ Thị Quỳnh', 'quynhdo8455@hotmail.com', 'pbkdf2:sha256:600000$EuBLMyFDyZRPHvdk$64cab9b24fa8d963585eb1d542b7e87c70af6882774110bbfaec2ee460d8358b', '0967184141', '103B Đường Đồng Khởi, Quận Ngô Quyền, Hải Phòng', FALSE, CURRENT_TIMESTAMP - (random() * 365 || ' days')::interval),
(85, 'Phan Thế Sơn', 'phan.son85@yahoo.com', 'pbkdf2:sha256:600000$78mNxknWfkcNAZgs$b59691632f8f7d8c60cd315272ae0e9209c5f531c4edf3751c8004eb900ce7c2', '0943727331', '41/12 Đường Bạch Đằng, Quận Ba Đình, Hà Nội', FALSE, CURRENT_TIMESTAMP - (random() * 365 || ' days')::interval),
(86, 'Hồ Quỳnh Chi', 'chiho8693@gmail.com', 'pbkdf2:sha256:600000$jBiLDykelGcVaC1m$d7398ae6d0f188f28718c848843374d5832eb3cbf557c0b1220c65504b53493c', '0970594744', '310/12 Đường Nguyễn Huệ, Quận Hai Bà Trưng, Hà Nội', FALSE, CURRENT_TIMESTAMP - (random() * 365 || ' days')::interval),
(87, 'Đặng Huyền Hoa', 'hoadang8738@outlook.com', 'pbkdf2:sha256:600000$E9ZXQETz5kcsrNfk$7e1678a0c61df52835f446cb62737d7c8d457d8a8dde40faed6c9856f3dcbf75', '0965557454', '94B Đường Hùng Vương, Quận Hồng Bàng, Hải Phòng', FALSE, CURRENT_TIMESTAMP - (random() * 365 || ' days')::interval),
(88, 'Vũ Anh Minh', 'minhvu8884@fpt.edu.vn', 'pbkdf2:sha256:600000$JqeT0MSDwYdRYqSb$bb82bceeb79023001638d60af1f9fc03c2abe80cad6c8f764a1e2b55050b8da1', '0970812406', '261/2 Đường Hai Bà Trưng, Quận Hải Châu, Đà Nẵng', FALSE, CURRENT_TIMESTAMP - (random() * 365 || ' days')::interval),
(89, 'Phan Mai Linh', 'linhphan8963@fpt.edu.vn', 'pbkdf2:sha256:600000$CrmqxgVYckfqWyl3$837b66e3b90b08b63749233f8b2d4a98356e325cc1cea0a418549a8d4892f29d', '0945833926', '253A Đường Điện Biên Phủ, Quận Hải Châu, Đà Nẵng', FALSE, CURRENT_TIMESTAMP - (random() * 365 || ' days')::interval),
(90, 'Hồ Quang Duy', 'ho.duy90@outlook.com', 'pbkdf2:sha256:600000$HIEFIuy89NzRhUin$ebbfaede276e54d7ab914703579889364b96e842620d636078c015206ee6d5b0', '0910554620', '277A Đường Trần Hưng Đạo, Quận Ngô Quyền, Hải Phòng', FALSE, CURRENT_TIMESTAMP - (random() * 365 || ' days')::interval),
(91, 'Lê Công Khải', 'khai.cl91@outlook.com', 'pbkdf2:sha256:600000$uZVsElK3EQnw6kZF$8a7b3c03fc1d49f9707995184a365d1ea1f4e75121adf51ae34ed5263e81b9be', '0930571699', '47/12 Đường Hai Bà Trưng, Quận 7, TP. Hồ Chí Minh', FALSE, CURRENT_TIMESTAMP - (random() * 365 || ' days')::interval),
(92, 'Võ Bảo Kiên', 'kien.vo92@vnu.edu.vn', 'pbkdf2:sha256:600000$LtMeesujOKG1IJwt$ecbfe651dc88606bdb89f4a6179b1815de919cddf3ab9d3d1a2f0d89cc85c7a7', '0988102913', '439B Đường Lê Duẩn, Quận Cái Răng, Cần Thơ', FALSE, CURRENT_TIMESTAMP - (random() * 365 || ' days')::interval),
(93, 'Võ Đức Sơn', 'son.vo93@vnu.edu.vn', 'pbkdf2:sha256:600000$0488gDpbs5mwv1KP$532928e202d701552eb38fc29c9fbbf6061e251cf5b16c5c4be87f7864fc187f', '0992435568', '335/12 Đường Nguyễn Thị Minh Khai, Quận Thanh Khê, Đà Nẵng', FALSE, CURRENT_TIMESTAMP - (random() * 365 || ' days')::interval),
(94, 'Bùi Công Long', 'bui.long94@yahoo.com', 'pbkdf2:sha256:600000$KVwjZY09abEWCjvt$0d881fad8e236897a2da38992171ecb01a5a1f4649db668489810df479a7423a', '0915810528', '45/2 Đường Lê Lợi, Quận Gò Vấp, TP. Hồ Chí Minh', FALSE, CURRENT_TIMESTAMP - (random() * 365 || ' days')::interval),
(95, 'Phạm Huyền Chi', 'pham.chi95@fpt.edu.vn', 'pbkdf2:sha256:600000$uGCQ2NFXY43F2L3w$89f99a77ff20b2eff0068e81716bf2f070008e315bd1177a9ca1fb42cbf5e5fb', '0935814899', '272A Đường Lê Lợi, Quận Ba Đình, Hà Nội', FALSE, CURRENT_TIMESTAMP - (random() * 365 || ' days')::interval),
(96, 'Hoàng Ngọc Lan', 'hoang.lan96@hotmail.com', 'pbkdf2:sha256:600000$8kpqYBDIR53BwFDG$f8129c3a3a594c625d1c66a3010ada244ae894ceca502acc6b6b868486b774de', '0954873089', '158/45 Đường Nguyễn Thị Minh Khai, Quận Hà Đông, Hà Nội', FALSE, CURRENT_TIMESTAMP - (random() * 365 || ' days')::interval),
(97, 'Phan Ngọc Ngọc', 'ngoc.phan97@gmail.com', 'pbkdf2:sha256:600000$BxFgA6wvHFgpchtK$63018f658deda03d5661c15247310081fe752e3e5a97c984cb030bc988aa3550', '0942313017', '216/12 Đường Lý Tự Trọng, Quận Thanh Khê, Đà Nẵng', FALSE, CURRENT_TIMESTAMP - (random() * 365 || ' days')::interval),
(98, 'Hồ Anh Dũng', 'dung.ah98@hotmail.com', 'pbkdf2:sha256:600000$VCuUM3U49E5mj88K$305b0011b13beffaa379041bb67aa86d9646d0ebbbbdab7be9eec07a3e7eead3', '0966089185', '429 Đường Đồng Khởi, Quận Ninh Kiều, Cần Thơ', FALSE, CURRENT_TIMESTAMP - (random() * 365 || ' days')::interval),
(99, 'Bùi Quỳnh Trang', 'trangbui9936@gmail.com', 'pbkdf2:sha256:600000$34xuR0i0ybDYJJaN$966cfd4164c23166b894422a4fde38cd544069a1706401887a56e23a860e4550', '0969167511', '161/2 Đường Lê Lợi, Quận Cái Răng, Cần Thơ', FALSE, CURRENT_TIMESTAMP - (random() * 365 || ' days')::interval),
(100, 'Hồ Diệu Ngọc', 'ngoc.dh100@hotmail.com', 'pbkdf2:sha256:600000$8bzptjVQbz1N2ZZW$45f3a824560fe1e0a12019e7955e1167d76dafaabc27739334eadb6af6943d02', '0950935713', '184/12 Đường Nguyễn Thị Minh Khai, Quận 3, TP. Hồ Chí Minh', FALSE, CURRENT_TIMESTAMP - (random() * 365 || ' days')::interval),
(101, 'Dương Mai Dung', 'dung.md101@gmail.com', 'pbkdf2:sha256:600000$cJMeSXbjA8KMarYP$cebec66dedea944c246a54c04822593ec9b3ff9cefa3e9d74b06e10f203d7766', '0935656309', '53/12 Đường Lý Tự Trọng, Quận Hải An, Hải Phòng', FALSE, CURRENT_TIMESTAMP - (random() * 365 || ' days')::interval),
(102, 'Phan Trọng Tùng', 'tung.phan102@hotmail.com', 'pbkdf2:sha256:600000$UVZLwkepuIW91T9V$6ce9a568b0afdef0842e15794f71da939ac63694c51ba92dd7e0a350e0e02330', '0971103840', '58/2 Đường Trần Phú, Quận Hải An, Hải Phòng', FALSE, CURRENT_TIMESTAMP - (random() * 365 || ' days')::interval),
(103, 'Võ Mai Mai', 'maivo10364@gmail.com', 'pbkdf2:sha256:600000$cOxyqmclETtpbpiS$eec40b1b994bf5099d541ef712e3823ef182c60773b140af5c4148a06cadc874', '0962312596', '2/2 Đường Đồng Khởi, Quận Ngô Quyền, Hải Phòng', FALSE, CURRENT_TIMESTAMP - (random() * 365 || ' days')::interval),
(104, 'Nguyễn Phương Thảo', 'thao.nguyen104@hotmail.com', 'pbkdf2:sha256:600000$Kci4qrrRZaLGHUjY$02fe3ceb885c87e7107d3483da965fd3165fef3db77554cce2cd68eaf1650af4', '0984234805', '82B Đường Đồng Khởi, Quận Hải An, Hải Phòng', FALSE, CURRENT_TIMESTAMP - (random() * 365 || ' days')::interval),
(105, 'Hồ Ngọc Thảo', 'ho.thao105@gmail.com', 'pbkdf2:sha256:600000$tMsciORSvBNBeWmy$a0e759c49860d05f07db5cd799daf8e366606928128c7e431a9b3e708858edae', '0998015511', '55/2 Đường Bạch Đằng, Quận Ngô Quyền, Hải Phòng', FALSE, CURRENT_TIMESTAMP - (random() * 365 || ' days')::interval),
(106, 'Phạm Thị Mai', 'mai.pham106@gmail.com', 'pbkdf2:sha256:600000$FOoItFpBtvfwPgvc$64326334ef7e31bc621fecb1b503297966660d244d4bf99b44d1c0ac9e65c1ce', '0964746362', '298/12 Đường Lê Duẩn, Quận Ba Đình, Hà Nội', FALSE, CURRENT_TIMESTAMP - (random() * 365 || ' days')::interval),
(107, 'Phạm Anh Cường', 'cuong.pham107@gmail.com', 'pbkdf2:sha256:600000$d77L7ifn8Gy9HOur$ebf8ca26061cda1aef1a809c1f48ef4eec4158013f1dbbe0e6c608f70443c148', '0982874941', '183/2 Đường Phan Chu Trinh, Quận Hai Bà Trưng, Hà Nội', FALSE, CURRENT_TIMESTAMP - (random() * 365 || ' days')::interval),
(108, 'Lý Quang Long', 'long.ly108@vnu.edu.vn', 'pbkdf2:sha256:600000$V1NalUFexgK3cVLm$decc9fb6d3d5c3943e698ef38769a3a2ab8a8eb505effac8f8666527515a3b16', '0963818884', '408/45 Đường Lê Lợi, Quận Lê Chân, Hải Phòng', FALSE, CURRENT_TIMESTAMP - (random() * 365 || ' days')::interval),
(109, 'Dương Quang Dũng', 'dungduong10916@vnu.edu.vn', 'pbkdf2:sha256:600000$2ltYQ7FzPwc2tYRj$d19f34bfcf9c4d9083b36d49c70f3a646fecaa1f041d6f2604c71c1187dfeadb', '0934788477', '219/2 Đường Trần Phú, Quận Ô Môn, Cần Thơ', FALSE, CURRENT_TIMESTAMP - (random() * 365 || ' days')::interval),
(110, 'Trần Minh Hà', 'tran.ha110@gmail.com', 'pbkdf2:sha256:600000$xscysyzxTt2vMzHZ$93af33c80b44e212192a944e12b357343b61707ff7fcd3c27b91d93e8d0e52ce', '0991443843', '243 Đường Lý Tự Trọng, Quận Thanh Khê, Đà Nẵng', FALSE, CURRENT_TIMESTAMP - (random() * 365 || ' days')::interval),
(111, 'Võ Thanh Hương', 'huong.vo111@fpt.edu.vn', 'pbkdf2:sha256:600000$Y80qvRmNR2vWy5F6$08baa33057f25eb19a17b84f50b18c380f9c351374c2511fe75782d96c67df4b', '0974214302', '189A Đường Hai Bà Trưng, Quận Ngũ Hành Sơn, Đà Nẵng', FALSE, CURRENT_TIMESTAMP - (random() * 365 || ' days')::interval),
(112, 'Lý Huyền Ngọc', 'ly.ngoc112@hotmail.com', 'pbkdf2:sha256:600000$hyjCGevpaENQgFbR$516cceb0a93af0ac8fd80c01265a4eea0260bc272fe1f8ab6e1ebce878568fcb', '0913380342', '59A Đường Cách Mạng Tháng 8, Quận Ngô Quyền, Hải Phòng', FALSE, CURRENT_TIMESTAMP - (random() * 365 || ' days')::interval),
(113, 'Phạm Ngọc Lan', 'lan.pham113@yahoo.com', 'pbkdf2:sha256:600000$lzSUKD5tTIY6YWWZ$7fd2e755ea265475b21bc16be3654db70272fe763832d2ac0f66c62b80ce464f', '0984709346', '178/45 Đường Bạch Đằng, Quận Lê Chân, Hải Phòng', FALSE, CURRENT_TIMESTAMP - (random() * 365 || ' days')::interval),
(114, 'Lý Quang Em', 'em.ql114@vnu.edu.vn', 'pbkdf2:sha256:600000$Ob0yWfCSk5ZU1NXV$b12369e3d862c40b3a8d04703d84bcae61dc5b2133492ce016732a9c6a28be7b', '0964604651', '198/45 Đường Hai Bà Trưng, Quận Ngũ Hành Sơn, Đà Nẵng', FALSE, CURRENT_TIMESTAMP - (random() * 365 || ' days')::interval),
(115, 'Hoàng Văn Phúc', 'phuc.vh115@gmail.com', 'pbkdf2:sha256:600000$5NZS64Bep4LwqaP0$afd14c7a3e9ce8b0df3ac41f5ec2c78c9716a2c3332dfcf8f604c5bf70c855fb', '0976826467', '427/45 Đường Lý Tự Trọng, Quận Bình Thủy, Cần Thơ', FALSE, CURRENT_TIMESTAMP - (random() * 365 || ' days')::interval),
(116, 'Hồ Quang Dũng', 'dungho11610@fpt.edu.vn', 'pbkdf2:sha256:600000$na0uA8kIuK82OHb8$8277841b2868f5200d8aa03dece2fe32e22b8e6f15c65003d472d36284e1037f', '0979561104', '107/12 Đường Lê Lợi, Quận Tân Bình, TP. Hồ Chí Minh', FALSE, CURRENT_TIMESTAMP - (random() * 365 || ' days')::interval),
(117, 'Hồ Minh Kiên', 'kien.ho117@yahoo.com', 'pbkdf2:sha256:600000$X9oMga3YqJiLbQsI$7edeb466aa383c8976f90309b63effd585fc1fadd8a9b6bac640b95e5f476529', '0944718825', '376A Đường Bạch Đằng, Quận Ngô Quyền, Hải Phòng', FALSE, CURRENT_TIMESTAMP - (random() * 365 || ' days')::interval),
(118, 'Dương Thành Kiên', 'kienduong11840@outlook.com', 'pbkdf2:sha256:600000$P1GAuCCoJQnsp9JO$a77c96c984073b89219b28acb9e79f474af4430448886fbd424fc893b4e87424', '0974389676', '127B Đường Bạch Đằng, Quận Hoàn Kiếm, Hà Nội', FALSE, CURRENT_TIMESTAMP - (random() * 365 || ' days')::interval),
(119, 'Vũ Mai Lan', 'lan.mv119@outlook.com', 'pbkdf2:sha256:600000$M1myTO3tlrFcJzf5$00701e17dad2dc4251d0657fae2ca06ca40d250ed7f171c9dbb75637dafcdd66', '0976166368', '314/2 Đường Lý Thường Kiệt, Quận Tân Bình, TP. Hồ Chí Minh', FALSE, CURRENT_TIMESTAMP - (random() * 365 || ' days')::interval),
(120, 'Ngô Thế Cường', 'ngo.cuong120@fpt.edu.vn', 'pbkdf2:sha256:600000$yhWVUibZERmnKugm$50fd8ea2075b3b29fee2ee32160d02f26362f16b0e2f1b958f35243b33c4d271', '0920253161', '391/45 Đường Nguyễn Thị Minh Khai, Quận Bình Thạnh, TP. Hồ Chí Minh', FALSE, CURRENT_TIMESTAMP - (random() * 365 || ' days')::interval),
(121, 'Phạm Công Khải', 'pham.khai121@hotmail.com', 'pbkdf2:sha256:600000$57LlxEJqafkTWKkz$0cab40fb61b9e649114e2d424ad8f3763a420ead6e8c75096d9fc1d4f9a5a88b', '0994052529', '8 Đường Cách Mạng Tháng 8, Quận Cái Răng, Cần Thơ', FALSE, CURRENT_TIMESTAMP - (random() * 365 || ' days')::interval),
(122, 'Phan Bảo Tùng', 'tung.bp122@fpt.edu.vn', 'pbkdf2:sha256:600000$2wTsAchGcMBWLIn9$1d51c68a355539722640a86ec1ffc20ee495f6c0e11698aef60612939a1110ea', '0961098516', '25/12 Đường Trần Phú, Quận Ô Môn, Cần Thơ', FALSE, CURRENT_TIMESTAMP - (random() * 365 || ' days')::interval),
(123, 'Hồ Minh Phương', 'phuong.ho123@vnu.edu.vn', 'pbkdf2:sha256:600000$Rw9E57PFirMjtYhD$8f5c751bde060cdc1851688f92bf87242a01cfc52f7c3fe61eae7e05c250c706', '0973045538', '133 Đường Phan Chu Trinh, Quận Hoàn Kiếm, Hà Nội', FALSE, CURRENT_TIMESTAMP - (random() * 365 || ' days')::interval),
(124, 'Phan Công Bình', 'binh.cp124@outlook.com', 'pbkdf2:sha256:600000$ncq1WpMtuHTa7RVz$8d86efe53039773f112b9a7b3487f7a4941b2e8a414a379b3d3d085bf8909b07', '0971089088', '284B Đường Lý Thường Kiệt, Quận Ngô Quyền, Hải Phòng', FALSE, CURRENT_TIMESTAMP - (random() * 365 || ' days')::interval),
(125, 'Đỗ Tất Bình', 'do.binh125@vnu.edu.vn', 'pbkdf2:sha256:600000$HjDKrbdK06yEL1X9$5fadc96e9771023beb47c3253b10466e8f870161cb68cafed889bb558689313f', '0916813544', '194A Đường Cách Mạng Tháng 8, Quận Ô Môn, Cần Thơ', FALSE, CURRENT_TIMESTAMP - (random() * 365 || ' days')::interval),
(126, 'Dương Ánh Mai', 'duong.mai126@hotmail.com', 'pbkdf2:sha256:600000$2TKDCLUyHTo8T8Fs$1874a82dab5e0dc4966da3ab0fb28bb7c830528c8b753e469d1577f27cdc1f81', '0961811738', '327A Đường Lê Lợi, Quận 5, TP. Hồ Chí Minh', FALSE, CURRENT_TIMESTAMP - (random() * 365 || ' days')::interval),
(127, 'Phan Ngọc Vy', 'vy.np127@yahoo.com', 'pbkdf2:sha256:600000$6663dONSjtktIqlB$0745731249ca81247b626a48a3ab246349594daeb11954b66ab24cac79ed9d80', '0966065653', '202B Đường Điện Biên Phủ, Quận Ô Môn, Cần Thơ', FALSE, CURRENT_TIMESTAMP - (random() * 365 || ' days')::interval),
(128, 'Bùi Anh Nam', 'nambui12868@outlook.com', 'pbkdf2:sha256:600000$wIuWO0plIe0Utz1U$792a5adf454e544c5ba3ba06db09f82bd6e3b4f04cf26888885607b9caee8a51', '0932109654', '163/45 Đường Lý Thường Kiệt, Quận Lê Chân, Hải Phòng', FALSE, CURRENT_TIMESTAMP - (random() * 365 || ' days')::interval),
(129, 'Dương Phương Nhi', 'nhiduong12991@fpt.edu.vn', 'pbkdf2:sha256:600000$skZH6235LvNRELI1$6fafb1a25c66ee404bce06b45cf72c53dda27a2192e4c1e3be272560869bf6f7', '0972069870', '167B Đường Trần Phú, Quận Thanh Khê, Đà Nẵng', FALSE, CURRENT_TIMESTAMP - (random() * 365 || ' days')::interval),
(130, 'Trần Văn Bình', 'binh.tran130@fpt.edu.vn', 'pbkdf2:sha256:600000$dUm7NeIdaCOXH9oj$d2138f78c162bf01938ed8b3ea4c3890ac69b2f9d25994601a67fb7cb4dff18d', '0940855022', '118A Đường Nguyễn Thị Minh Khai, Quận Liên Chiểu, Đà Nẵng', FALSE, CURRENT_TIMESTAMP - (random() * 365 || ' days')::interval),
(131, 'Phạm Ánh Nhi', 'nhi.ap131@fpt.edu.vn', 'pbkdf2:sha256:600000$Qe1mgXzpevSAKwm2$04efbff8427de27e2f470829a38a912400cb7a2b0362bd6569fe59ca4eb96862', '0977541090', '195/12 Đường Hùng Vương, Quận Ngô Quyền, Hải Phòng', FALSE, CURRENT_TIMESTAMP - (random() * 365 || ' days')::interval),
(132, 'Phan Quỳnh Bình', 'binh.phan132@hotmail.com', 'pbkdf2:sha256:600000$NTjGTEymrPP9hvhF$c11c808652a5909c880b3ae0a6341dd3365408641b95b109d0ae7eba4086d7f1', '0923507826', '197/2 Đường Phan Chu Trinh, Quận Hải An, Hải Phòng', FALSE, CURRENT_TIMESTAMP - (random() * 365 || ' days')::interval),
(133, 'Phan Thị Trang', 'trang.tp133@yahoo.com', 'pbkdf2:sha256:600000$eOzfDGKufhYZh7UT$bab6ec1d18d7a84d57f4c220a39957827d6e0e695fce648a1c96f1e84d55464a', '0961412218', '286/45 Đường Lý Thường Kiệt, Quận Bình Thủy, Cần Thơ', FALSE, CURRENT_TIMESTAMP - (random() * 365 || ' days')::interval),
(134, 'Trần Minh Em', 'em.tran134@gmail.com', 'pbkdf2:sha256:600000$rtKBlUKeYRV0Ig6j$9215f4d076664c8b78498dbddf0ac2d30d7e358339fb1a99d941cefeb4adc334', '0977333672', '302 Đường Đồng Khởi, Quận Cầu Giấy, Hà Nội', FALSE, CURRENT_TIMESTAMP - (random() * 365 || ' days')::interval),
(135, 'Nguyễn Bảo Trang', 'nguyen.trang135@outlook.com', 'pbkdf2:sha256:600000$P2DrvoqQUZ5cP1ZA$56ac52b3c4ee968e1b4ec94489e407cfa046645254ab677562a889694566418f', '0974323715', '415/12 Đường Hai Bà Trưng, Quận Hải Châu, Đà Nẵng', FALSE, CURRENT_TIMESTAMP - (random() * 365 || ' days')::interval),
(136, 'Đỗ Ngọc Lan', 'lando13690@gmail.com', 'pbkdf2:sha256:600000$cQu3rFvPZDAw7pzN$290015d7f41c0e4c455d2bec4088520472cc47f8411b8e4e94f563f673cd3afe', '0974114062', '378/45 Đường Điện Biên Phủ, Quận Lê Chân, Hải Phòng', FALSE, CURRENT_TIMESTAMP - (random() * 365 || ' days')::interval),
(137, 'Lý Ngọc Hoa', 'hoa.ly137@hotmail.com', 'pbkdf2:sha256:600000$Qgvxhb936JaV7MBk$588c395575557ea8580ba4c5a44405b7ed294ff27d33215be6599d3a886c47e1', '0973753291', '441 Đường Lý Thường Kiệt, Quận Bình Thủy, Cần Thơ', FALSE, CURRENT_TIMESTAMP - (random() * 365 || ' days')::interval),
(138, 'Lý Minh Bình', 'binhly13880@outlook.com', 'pbkdf2:sha256:600000$iZCX3sjsNDPyzCvq$d85b94b8e953151cda0250a63ac129a77f6a60b12cdeb409e771b73711249475', '0972619188', '329B Đường Trần Hưng Đạo, Quận Ninh Kiều, Cần Thơ', FALSE, CURRENT_TIMESTAMP - (random() * 365 || ' days')::interval),
(139, 'Lý Minh Phúc', 'phuc.ml139@outlook.com', 'pbkdf2:sha256:600000$c79o0HR02UA1LfPp$dde04fe3b462a0225df7a9636590d8eaaa2efd6a0b1d7e30a31064df9a4f41c6', '0956444921', '116/45 Đường Nguyễn Huệ, Quận Thanh Khê, Đà Nẵng', FALSE, CURRENT_TIMESTAMP - (random() * 365 || ' days')::interval),
(140, 'Bùi Minh Duy', 'duy.bui140@gmail.com', 'pbkdf2:sha256:600000$ber4DHDf3jIwTi4t$6ad8a88a24cc759192c5b2b34380b8377663092be39ea528c45730d1575fcd2e', '0975296651', '370A Đường Trần Phú, Quận Bình Thủy, Cần Thơ', FALSE, CURRENT_TIMESTAMP - (random() * 365 || ' days')::interval),
(141, 'Hoàng Diệu Hà', 'hoang.ha141@fpt.edu.vn', 'pbkdf2:sha256:600000$XPut09eMruS8LvUC$e3241f56b767db27a6ed31652c518cf934510006f6bcbda855692bfbb39f75a6', '0952082385', '448/45 Đường Hai Bà Trưng, Quận Ngô Quyền, Hải Phòng', FALSE, CURRENT_TIMESTAMP - (random() * 365 || ' days')::interval),
(142, 'Đặng Thị Phương', 'phuong.dang142@outlook.com', 'pbkdf2:sha256:600000$GwXgrOOZ83iPXudC$48876d49bbe34a9f5d8aac9263618809d669587d8abcd8d2fd50501e682fab04', '0918329874', '325A Đường Phan Chu Trinh, Quận Ô Môn, Cần Thơ', FALSE, CURRENT_TIMESTAMP - (random() * 365 || ' days')::interval),
(143, 'Dương Thanh Hoa', 'hoaduong14372@fpt.edu.vn', 'pbkdf2:sha256:600000$zv0u9Zkxac30nWNi$d64ef70f76a0ea35d58baf62758b4e6e79aa7a2048ff7b4a9b8bc2811741d0c4', '0973100024', '59/2 Đường Lý Thường Kiệt, Quận Ninh Kiều, Cần Thơ', FALSE, CURRENT_TIMESTAMP - (random() * 365 || ' days')::interval),
(144, 'Lê Mai Trang', 'trang.ml144@outlook.com', 'pbkdf2:sha256:600000$4jg5i1jECGc8roPR$e316058784b8e08065e099209031b4e3630264c7bb073801d0150abeadf6e3fa', '0998613740', '362/2 Đường Hùng Vương, Quận Hải An, Hải Phòng', FALSE, CURRENT_TIMESTAMP - (random() * 365 || ' days')::interval),
(145, 'Nguyễn Thu Ngọc', 'ngocnguyen14571@outlook.com', 'pbkdf2:sha256:600000$7Soi5bH7U2HHah1m$9f2dd3d8805d8b12ec3f144ac5d9102df589e9bcc053a74dd1b33c776afdaa81', '0986743741', '328/45 Đường Hai Bà Trưng, Quận Hải Châu, Đà Nẵng', FALSE, CURRENT_TIMESTAMP - (random() * 365 || ' days')::interval),
(146, 'Bùi Công Dũng', 'bui.dung146@gmail.com', 'pbkdf2:sha256:600000$LSS5ZrG4jOpr2ucO$3ae0c82b654bc8cacaff2f9cf73a35d4c8e39472c3b90826522253bf40a46730', '0921611585', '88 Đường Điện Biên Phủ, Quận Ngô Quyền, Hải Phòng', FALSE, CURRENT_TIMESTAMP - (random() * 365 || ' days')::interval),
(147, 'Nguyễn Thành Cường', 'cuong.tn147@hotmail.com', 'pbkdf2:sha256:600000$o8FHb6a4x8OpsDCM$99b03343213a69a7b9ff6b75d684bfbcbc5276e7217f481023065190689df564', '0929910398', '450B Đường Lý Tự Trọng, Quận Hải Châu, Đà Nẵng', FALSE, CURRENT_TIMESTAMP - (random() * 365 || ' days')::interval),
(148, 'Phan Thế Kiên', 'kien.phan148@hotmail.com', 'pbkdf2:sha256:600000$pkfipZ90CT4NtpVF$f554b2667d0d126109b9458c9946aff7173d1e9e9808fcdf2d9edcf391898796', '0989611601', '277A Đường Phan Chu Trinh, Quận Lê Chân, Hải Phòng', FALSE, CURRENT_TIMESTAMP - (random() * 365 || ' days')::interval),
(149, 'Đỗ Thành Cường', 'cuong.do149@hotmail.com', 'pbkdf2:sha256:600000$wmqPqhfva5pPluyh$2ace52691ad90e4329a33689530c7cc09b81be06c8d49a59a2114cc53ec16571', '0941538162', '52/2 Đường Phan Chu Trinh, Quận Bình Thủy, Cần Thơ', FALSE, CURRENT_TIMESTAMP - (random() * 365 || ' days')::interval),
(150, 'Võ Văn Khải', 'khai.vo150@outlook.com', 'pbkdf2:sha256:600000$LRr2eJnoSKp2wYBL$c23eb659f5eaa2d7a45fe8bd6b5d09888f163f787ece4378d95073942554c5e6', '0964891755', '169/45 Đường Điện Biên Phủ, Quận Tân Bình, TP. Hồ Chí Minh', FALSE, CURRENT_TIMESTAMP - (random() * 365 || ' days')::interval),
(151, 'Vũ Bảo Hà', 'vu.ha151@hotmail.com', 'pbkdf2:sha256:600000$ec5vhlTOuqIFERqD$e47b9a9c8964e486c98738291e29985d916e94cc6e632d61dad3e2b12fbe8439', '0924379395', '348/2 Đường Phan Chu Trinh, Quận Sơn Trà, Đà Nẵng', FALSE, CURRENT_TIMESTAMP - (random() * 365 || ' days')::interval),
(152, 'Võ Bảo Mai', 'vo.mai152@vnu.edu.vn', 'pbkdf2:sha256:600000$1MRXqAZ3Z7VHqIRr$a6e429b6260796ec1fbd2f8ee1f32c284146b4ceed9de3ef896c03dc40d2245d', '0930399413', '289/2 Đường Hùng Vương, Quận Cái Răng, Cần Thơ', FALSE, CURRENT_TIMESTAMP - (random() * 365 || ' days')::interval),
(153, 'Ngô Mai Thảo', 'thaongo15336@yahoo.com', 'pbkdf2:sha256:600000$DTdUzEpXF3AmvlaB$2ee5842fda92617fb29a4b252565ffa92a6cdfe26d090eb1ed0730a4930e7510', '0974839300', '250 Đường Nguyễn Huệ, Quận Hải Châu, Đà Nẵng', FALSE, CURRENT_TIMESTAMP - (random() * 365 || ' days')::interval),
(154, 'Đặng Thu Thảo', 'dang.thao154@hotmail.com', 'pbkdf2:sha256:600000$JwMiZ4Nb9a1ynMiA$a889f79c17b404d51204039cb8a300f11cf15eb45228ed7f5c84a061e9b8c330', '0981221589', '260A Đường Trần Hưng Đạo, Quận Ô Môn, Cần Thơ', FALSE, CURRENT_TIMESTAMP - (random() * 365 || ' days')::interval),
(155, 'Phạm Thu Trang', 'trang.tp155@yahoo.com', 'pbkdf2:sha256:600000$TVsciFUN04xzWqG5$fb634e999c38547ef2ba91655691b5f2224db9f04ef10dccb5e13d8b88b12101', '0934487582', '56/12 Đường Nguyễn Huệ, Quận Sơn Trà, Đà Nẵng', FALSE, CURRENT_TIMESTAMP - (random() * 365 || ' days')::interval),
(156, 'Đỗ Thế Cường', 'do.cuong156@fpt.edu.vn', 'pbkdf2:sha256:600000$hZlnYdWFDMkz2CUM$720e00f9b08b62bdc557af6c67683fc2c5683442702e1bab0f514226dd0e528f', '0987138758', '362/2 Đường Hai Bà Trưng, Quận Hải An, Hải Phòng', FALSE, CURRENT_TIMESTAMP - (random() * 365 || ' days')::interval),
(157, 'Võ Hữu Em', 'emvo15752@outlook.com', 'pbkdf2:sha256:600000$ZQJ5cjJcQjX6dzPw$ac9be302da8cac46067f07c121beabc27356c45335c502afd6c186a662469b45', '0922791844', '149 Đường Lý Tự Trọng, Q.Thủ Đức, TP. Hồ Chí Minh', FALSE, CURRENT_TIMESTAMP - (random() * 365 || ' days')::interval),
(158, 'Phan Văn Tùng', 'tung.phan158@gmail.com', 'pbkdf2:sha256:600000$xuCd01CnXbzbHCyL$2e6e0baf0eab32aea4585a17e37ed03965e2ca9ced9f8f47b834fd5d6969f27b', '0955979001', '386/12 Đường Hùng Vương, Quận Hai Bà Trưng, Hà Nội', FALSE, CURRENT_TIMESTAMP - (random() * 365 || ' days')::interval),
(159, 'Vũ Quang Sơn', 'son.vu159@vnu.edu.vn', 'pbkdf2:sha256:600000$OFpmKLklKl8K075r$09bc3b19aff388229a2146a653af8f8ea574025e8e6badcc2e888264f1ff3a71', '0914279258', '312/45 Đường Cách Mạng Tháng 8, Quận Hà Đông, Hà Nội', FALSE, CURRENT_TIMESTAMP - (random() * 365 || ' days')::interval),
(160, 'Phạm Tất Tùng', 'pham.tung160@outlook.com', 'pbkdf2:sha256:600000$e53QqcsW168MHQ0W$4ada030acf750a98a1262df2bb0dbde172ed08650fb69a09a795da149f3c4443', '0917233874', '325/45 Đường Phan Chu Trinh, Quận Ba Đình, Hà Nội', FALSE, CURRENT_TIMESTAMP - (random() * 365 || ' days')::interval),
(161, 'Lý Công Quân', 'quan.ly161@gmail.com', 'pbkdf2:sha256:600000$kuJyiNdE6PPYEo3W$9440bf4fbfd464805a7dcfdfe79876f6ca92d0b1969d31ff5833540cce825180', '0923597420', '37 Đường Lê Lợi, Quận Ngũ Hành Sơn, Đà Nẵng', FALSE, CURRENT_TIMESTAMP - (random() * 365 || ' days')::interval),
(162, 'Phạm Trọng Sơn', 'pham.son162@yahoo.com', 'pbkdf2:sha256:600000$Jq47uop4ynAiCF6X$40ee0e310617708e44502fc766da247e2c1085240822f44a29f07bde8b535f7b', '0936528762', '128/12 Đường Điện Biên Phủ, Quận Lê Chân, Hải Phòng', FALSE, CURRENT_TIMESTAMP - (random() * 365 || ' days')::interval),
(163, 'Nguyễn Quỳnh Hoa', 'hoanguyen16397@vnu.edu.vn', 'pbkdf2:sha256:600000$spyn3YNRbi4I8DJF$adcc823fb524238ec4866eada9c36bbe6a5d66ac477f5cc595736bce2c30d449', '0970621080', '175/12 Đường Trần Phú, Quận Ô Môn, Cần Thơ', FALSE, CURRENT_TIMESTAMP - (random() * 365 || ' days')::interval),
(164, 'Bùi Công Thịnh', 'bui.thinh164@outlook.com', 'pbkdf2:sha256:600000$bnv23NKPv5FeGWVm$5c5a135ecd61205b608329afbe987237f157e2f3982d5602458e3837445b6273', '0939544346', '298B Đường Lý Thường Kiệt, Quận Đống Đa, Hà Nội', FALSE, CURRENT_TIMESTAMP - (random() * 365 || ' days')::interval),
(165, 'Võ Mai Quỳnh', 'vo.quynh165@outlook.com', 'pbkdf2:sha256:600000$noRGY4xXTIVvYtfn$98959fe2a775347cd9562fea5e8352974bf8ccef29649af1c4756ee122d8225b', '0965199175', '119 Đường Đồng Khởi, Quận Thanh Khê, Đà Nẵng', FALSE, CURRENT_TIMESTAMP - (random() * 365 || ' days')::interval),
(166, 'Phạm Ánh Vy', 'vy.pham166@hotmail.com', 'pbkdf2:sha256:600000$m363OIQLvLgXT8bm$ace988baa7ffb77177714c1619440fe13c73479d0a2df9b436317975d439991f', '0919894018', '57A Đường Bạch Đằng, Quận 7, TP. Hồ Chí Minh', FALSE, CURRENT_TIMESTAMP - (random() * 365 || ' days')::interval),
(167, 'Bùi Thanh Quỳnh', 'quynhbui16752@hotmail.com', 'pbkdf2:sha256:600000$803uMcJEtywqZsYe$40ca67f144f53e700ebb8c7ea1b50668827a5c21fc6a2fd67517d4ad22c227db', '0993131869', '427 Đường Bạch Đằng, Quận Tân Bình, TP. Hồ Chí Minh', FALSE, CURRENT_TIMESTAMP - (random() * 365 || ' days')::interval),
(168, 'Vũ Minh Nhi', 'nhi.mv168@outlook.com', 'pbkdf2:sha256:600000$8Os6QPR91V51jUFR$8120584c46c3b06fc4199ad30e32e8279339e4644e15da946aa9a1b7dfbacd85', '0954899679', '346B Đường Phan Chu Trinh, Quận Lê Chân, Hải Phòng', FALSE, CURRENT_TIMESTAMP - (random() * 365 || ' days')::interval),
(169, 'Ngô Huyền Chi', 'chi.ngo169@gmail.com', 'pbkdf2:sha256:600000$QGYv6klAnN23O1s6$0d14871c889bb03065523aad13ac5aeacee799dc6772e5914538e6675f171446', '0958228544', '245/45 Đường Điện Biên Phủ, Quận Ô Môn, Cần Thơ', FALSE, CURRENT_TIMESTAMP - (random() * 365 || ' days')::interval),
(170, 'Hồ Ngọc Thảo', 'ho.thao170@gmail.com', 'pbkdf2:sha256:600000$FHGyClk6K3h3hYc6$89c9004f98ea03348f457e943b3f5fc327898a80a64ee7459f158e0770416460', '0981254440', '205A Đường Lý Tự Trọng, Quận Lê Chân, Hải Phòng', FALSE, CURRENT_TIMESTAMP - (random() * 365 || ' days')::interval),
(171, 'Ngô Tất Hùng', 'hung.ngo171@outlook.com', 'pbkdf2:sha256:600000$mfUFuBxSB0M0NYSC$e3eb0202403cbc7aad4c156e71229c04bc4a762b71943a48b93dac040b9ead79', '0935049726', '9/12 Đường Lý Thường Kiệt, Quận Hải An, Hải Phòng', FALSE, CURRENT_TIMESTAMP - (random() * 365 || ' days')::interval),
(172, 'Võ Hữu Em', 'vo.em172@gmail.com', 'pbkdf2:sha256:600000$P8kgNMfSD9VklKLA$1ab6f3a8dc2707938bfbc8934c0a672cf187b51a3fba39c0aa42a4e79e2fd7e6', '0943120558', '394B Đường Hai Bà Trưng, Quận Hồng Bàng, Hải Phòng', FALSE, CURRENT_TIMESTAMP - (random() * 365 || ' days')::interval),
(173, 'Lý Thành Tùng', 'ly.tung173@vnu.edu.vn', 'pbkdf2:sha256:600000$xe1ldmikPHt5kN41$2019777380200b0d087dea6623295edcfb821a903eb0c5291f1bc9e8d34cfd36', '0944419908', '197 Đường Phan Chu Trinh, Quận Cái Răng, Cần Thơ', FALSE, CURRENT_TIMESTAMP - (random() * 365 || ' days')::interval),
(174, 'Phan Thành Nam', 'namphan17499@fpt.edu.vn', 'pbkdf2:sha256:600000$oax0QaBg3Od4f3EU$479beba34d467a52e9240e5d38e6a55baa9d11dc6948326212a57133aa1f0198', '0971050757', '247/45 Đường Hùng Vương, Quận Cái Răng, Cần Thơ', FALSE, CURRENT_TIMESTAMP - (random() * 365 || ' days')::interval),
(175, 'Lê Thế Phúc', 'le.phuc175@gmail.com', 'pbkdf2:sha256:600000$2qRaYwcTSXNDTj87$980ab8be8e838aff63cf65db4e8503f969b9fb6c0c8e0cb7820da8a38bc1d261', '0943486782', '428/2 Đường Nguyễn Thị Minh Khai, Quận 5, TP. Hồ Chí Minh', FALSE, CURRENT_TIMESTAMP - (random() * 365 || ' days')::interval),
(176, 'Bùi Bảo Cường', 'cuong.bb176@fpt.edu.vn', 'pbkdf2:sha256:600000$HF5lrOncvuA4ZLl1$2b1e8df773fffddcf5fdf245ec2181caeba882472d058e431b8d23f06195ac48', '0946754973', '211/2 Đường Lý Thường Kiệt, Q.Thủ Đức, TP. Hồ Chí Minh', FALSE, CURRENT_TIMESTAMP - (random() * 365 || ' days')::interval),
(177, 'Bùi Quỳnh Dung', 'dung.qb177@hotmail.com', 'pbkdf2:sha256:600000$IycIiBczpiLRfpml$b750521c58377e9a656206f78a1688274a590e36445d958108c126acfd58ce5d', '0915672337', '164B Đường Nguyễn Huệ, Quận 1, TP. Hồ Chí Minh', FALSE, CURRENT_TIMESTAMP - (random() * 365 || ' days')::interval),
(178, 'Vũ Minh Quỳnh', 'quynhvu17876@outlook.com', 'pbkdf2:sha256:600000$DbJ49tBBdQfEcaGv$7502b41af077a7a52ac60c313d54a5540ea119434cadaed4342e92f6569b77e8', '0977787694', '310 Đường Phan Chu Trinh, Quận Tây Hồ, Hà Nội', FALSE, CURRENT_TIMESTAMP - (random() * 365 || ' days')::interval),
(179, 'Lý Thế Em', 'ly.em179@yahoo.com', 'pbkdf2:sha256:600000$W4aNKgZ6HSgAwTjT$61d35f3b640089e60d246c04513a6ae6e39486bf0429111d80d7d7f4d4963e8e', '0917082413', '121B Đường Nguyễn Huệ, Quận Ngô Quyền, Hải Phòng', FALSE, CURRENT_TIMESTAMP - (random() * 365 || ' days')::interval),
(180, 'Phan Tất Sơn', 'phan.son180@hotmail.com', 'pbkdf2:sha256:600000$zUnV9ahtvWof8f22$10131a4fed6bd2078f8f4f5bb9a8abb5cd1b0f1bfd52b31c1981eda6f9fbb2d4', '0910272789', '25/12 Đường Đồng Khởi, Quận Bình Thạnh, TP. Hồ Chí Minh', FALSE, CURRENT_TIMESTAMP - (random() * 365 || ' days')::interval),
(181, 'Ngô Bảo Bình', 'binh.ngo181@outlook.com', 'pbkdf2:sha256:600000$90NW0lYDxNJ2Cwwc$78b40d95fc411de3f0e82e917a872b26b0b72681702bc262aba334e3eb99a004', '0915225873', '47/45 Đường Phan Chu Trinh, Quận Hà Đông, Hà Nội', FALSE, CURRENT_TIMESTAMP - (random() * 365 || ' days')::interval),
(182, 'Ngô Thị Hà', 'hango18214@gmail.com', 'pbkdf2:sha256:600000$uWbOClBPiZXv5QS9$07509ee42817dc56b1ee191f66b15bbd7a513391015f252e45d27a2003f02847', '0956758153', '43 Đường Lý Thường Kiệt, Quận 1, TP. Hồ Chí Minh', FALSE, CURRENT_TIMESTAMP - (random() * 365 || ' days')::interval),
(183, 'Trần Đức Bình', 'binh.tran183@outlook.com', 'pbkdf2:sha256:600000$BSUziAxl85oCNAxh$577d5fcefd78e7069f5e5484c220dba457388b583006a881463f34db80346af6', '0935573925', '256/12 Đường Trần Hưng Đạo, Quận Hải Châu, Đà Nẵng', FALSE, CURRENT_TIMESTAMP - (random() * 365 || ' days')::interval),
(184, 'Hồ Công Long', 'ho.long184@fpt.edu.vn', 'pbkdf2:sha256:600000$vynfKv75PUsKJIIT$ca6c48d903815a619a352235059cdf04032ff044beda8f6fafe810b771f97079', '0996950212', '234 Đường Lý Tự Trọng, Quận Liên Chiểu, Đà Nẵng', FALSE, CURRENT_TIMESTAMP - (random() * 365 || ' days')::interval),
(185, 'Ngô Đức Thịnh', 'thinh.ngo185@fpt.edu.vn', 'pbkdf2:sha256:600000$cN9uiNphqslTuqR8$250d1e73405cb043512f5bc9dfc824e4df294af72e260e1f4ccf982f070f71fb', '0975519796', '338/12 Đường Lê Duẩn, Quận Ngô Quyền, Hải Phòng', FALSE, CURRENT_TIMESTAMP - (random() * 365 || ' days')::interval),
(186, 'Đặng Tất Bình', 'binhdang18642@gmail.com', 'pbkdf2:sha256:600000$WCsQTcgTVztD92k4$3252bdf6281209664dbcb31a16ef68bdfee1ea3e7d05c38baec539cefbd1eb2d', '0981248254', '294/12 Đường Lê Lợi, Quận Sơn Trà, Đà Nẵng', FALSE, CURRENT_TIMESTAMP - (random() * 365 || ' days')::interval),
(187, 'Lý Mai Trang', 'trang.ml187@gmail.com', 'pbkdf2:sha256:600000$zG4rB7BpNhBOISwl$52ff02a7d641682e319eabc46fe4916800bfb0881f35d6d00daf130c18e72d69', '0978392171', '26/12 Đường Lý Thường Kiệt, Quận Ngũ Hành Sơn, Đà Nẵng', FALSE, CURRENT_TIMESTAMP - (random() * 365 || ' days')::interval),
(188, 'Ngô Thanh Vy', 'vyngo18853@vnu.edu.vn', 'pbkdf2:sha256:600000$Ip3q8YIYje5fnQmf$e755e13f910c7470da77f9021aa3781e1441a9bcb02db7ee8d4f60a9bdc5862b', '0939474381', '207 Đường Bạch Đằng, Quận Lê Chân, Hải Phòng', FALSE, CURRENT_TIMESTAMP - (random() * 365 || ' days')::interval),
(189, 'Trần Minh Long', 'long.mt189@fpt.edu.vn', 'pbkdf2:sha256:600000$H9NZPObWmoVqNj4y$55c9fb400b5c6f0952907a4135f301988a5992de4e90fccdb76751829bfc89f4', '0998370370', '393A Đường Lý Thường Kiệt, Quận Hải Châu, Đà Nẵng', FALSE, CURRENT_TIMESTAMP - (random() * 365 || ' days')::interval),
(190, 'Võ Quỳnh Thảo', 'thao.vo190@hotmail.com', 'pbkdf2:sha256:600000$zeUVXXkMjY35FN7Z$5c1355ed54e979e64d956a41a68de4066ac0bf61f51ce4e229ee6002ba19449b', '0930713351', '447/12 Đường Lê Duẩn, Quận Ba Đình, Hà Nội', FALSE, CURRENT_TIMESTAMP - (random() * 365 || ' days')::interval),
(191, 'Hoàng Minh Hương', 'huong.mh191@outlook.com', 'pbkdf2:sha256:600000$HtH3aKDL2hXl2Y9D$55926e68c3f83f17b10cf9fb0bfa1d29a0fd578ee468e83dd365dfcae8b1c69a', '0977052211', '434/2 Đường Lê Duẩn, Quận Hồng Bàng, Hải Phòng', FALSE, CURRENT_TIMESTAMP - (random() * 365 || ' days')::interval),
(192, 'Dương Anh Sơn', 'sonduong19252@hotmail.com', 'pbkdf2:sha256:600000$C75C4g8pjrfPGTJa$e22b84089c3ed5931834379209baa4c8ae92a51e0b2b20cfb283a13139456935', '0914325766', '3 Đường Hai Bà Trưng, Quận Ô Môn, Cần Thơ', FALSE, CURRENT_TIMESTAMP - (random() * 365 || ' days')::interval),
(193, 'Đỗ Hữu Phúc', 'do.phuc193@vnu.edu.vn', 'pbkdf2:sha256:600000$iRZ6QtGMDFtFyS52$4e3047b296740397b31a7964cc99d6571b69d877428cdeeaf7260725b3ff5fa5', '0996048730', '346A Đường Trần Hưng Đạo, Quận Hai Bà Trưng, Hà Nội', FALSE, CURRENT_TIMESTAMP - (random() * 365 || ' days')::interval),
(194, 'Trần Thành Tùng', 'tungtran19423@gmail.com', 'pbkdf2:sha256:600000$0wZA2BTPm6XlPVsu$c99c2fc975b558f46af63eff00b095bff971ba0ab7df2e93a4f010c5c6626b53', '0948874604', '324A Đường Lê Duẩn, Quận Hải An, Hải Phòng', FALSE, CURRENT_TIMESTAMP - (random() * 365 || ' days')::interval),
(195, 'Trần Trọng Em', 'emtran19578@fpt.edu.vn', 'pbkdf2:sha256:600000$D2IxW29LFzIvSnwE$f4557befeef52cf3f1c558d92b4f71aeedc2801a0ae34bcefebbff2e3d692983', '0993279591', '424A Đường Trần Hưng Đạo, Quận Bình Thạnh, TP. Hồ Chí Minh', FALSE, CURRENT_TIMESTAMP - (random() * 365 || ' days')::interval),
(196, 'Phan Tất Thịnh', 'thinh.phan196@gmail.com', 'pbkdf2:sha256:600000$yXdXH28qb8gkFg3U$a3f78bc2464383752f73be8663c176daaefdcc52e997f0caec2d43db17aa3dd8', '0994636248', '431/12 Đường Trần Hưng Đạo, Quận 1, TP. Hồ Chí Minh', FALSE, CURRENT_TIMESTAMP - (random() * 365 || ' days')::interval),
(197, 'Bùi Ngọc Vy', 'vy.bui197@yahoo.com', 'pbkdf2:sha256:600000$dJAaJU9BRcLNpJhD$4518d19381fd186ca44852135723aa74c596b9535cbdd8810b0eec0b9631e985', '0980305568', '420/12 Đường Phan Chu Trinh, Quận Ngô Quyền, Hải Phòng', FALSE, CURRENT_TIMESTAMP - (random() * 365 || ' days')::interval),
(198, 'Trần Phương Phương', 'phuong.tran198@fpt.edu.vn', 'pbkdf2:sha256:600000$JaxulM7Y7UARO5ad$629ad1a78b0fbc7131aa484481b31d67ca4b090db6d9b1229a9c65534cae4d97', '0983979162', '96B Đường Nguyễn Huệ, Quận Bình Thủy, Cần Thơ', FALSE, CURRENT_TIMESTAMP - (random() * 365 || ' days')::interval),
(199, 'Lý Phương Nhi', 'nhi.ly199@vnu.edu.vn', 'pbkdf2:sha256:600000$FqrqwQTHXtoeD6YY$42206a201d30f1f1167ea2dac7c3631c67c088954fa4107e703739777ab9644b', '0939633253', '338A Đường Điện Biên Phủ, Quận Ngũ Hành Sơn, Đà Nẵng', FALSE, CURRENT_TIMESTAMP - (random() * 365 || ' days')::interval),
(200, 'Hoàng Thị Linh', 'hoang.linh200@vnu.edu.vn', 'pbkdf2:sha256:600000$YY8lAEeNjVYUxrbx$5fa590affc24fdcd49514941fd3687e5fbae2d2e3eb67316d1f712bbdca5aa92', '0957603122', '60/2 Đường Nguyễn Huệ, Quận Gò Vấp, TP. Hồ Chí Minh', FALSE, CURRENT_TIMESTAMP - (random() * 365 || ' days')::interval);

-- 5. Products (40)
INSERT INTO Products (ProductID, ProductName, Description, Price, OriginalPrice, CategoryID, CreatedAt, ImageURL) VALUES
(1, 'Áo sơ mi nam trắng', 'Áo sơ mi nam màu trắng chất liệu cotton cao cấp, thiết kế đơn giản, lịch sự', 350000, 416000, 1, CURRENT_TIMESTAMP, 'images/1.jpg'),
(2, 'Áo thun nam đen', 'Áo thun nam màu đen chất liệu cotton, thiết kế đơn giản, thoải mái', 250000, 335000, 1, CURRENT_TIMESTAMP, 'images/2.jpg'),
(3, 'Quần jean nam xanh', 'Quần jean nam màu xanh đậm, chất liệu denim co giãn, form slim fit', 450000, 621000, 2, CURRENT_TIMESTAMP, 'images/3.jpg'),
(4, 'Quần kaki nam nâu', 'Quần kaki nam màu nâu, chất liệu kaki cao cấp, form regular', 400000, 517000, 2, CURRENT_TIMESTAMP, 'images/4.jpg'),
(5, 'Áo sơ mi nữ trắng', 'Áo sơ mi nữ màu trắng chất liệu lụa, thiết kế thanh lịch', 320000, 0, 3, CURRENT_TIMESTAMP, 'images/5.jpg'),
(6, 'Áo thun nữ hồng', 'Áo thun nữ màu hồng pastel, chất liệu cotton mềm mại', 220000, 284000, 3, CURRENT_TIMESTAMP, 'images/6.jpg'),
(7, 'Quần jean nữ xanh nhạt', 'Quần jean nữ màu xanh nhạt, chất liệu denim co giãn, form skinny', 420000, 508000, 4, CURRENT_TIMESTAMP, 'images/7.jpg'),
(8, 'Váy đầm suông đen', 'Váy đầm suông màu đen, chất liệu vải mềm, thiết kế đơn giản, thanh lịch', 550000, 0, 5, CURRENT_TIMESTAMP, 'images/8.jpg'),
(9, 'Váy đầm xòe hoa', 'Váy đầm xòe họa tiết hoa, chất liệu vải mềm mại, phù hợp mùa hè', 650000, 875000, 5, CURRENT_TIMESTAMP, 'images/9.jpg'),
(10, 'Thắt lưng da nam', 'Thắt lưng da bò màu đen, khóa kim loại cao cấp', 300000, 371000, 6, CURRENT_TIMESTAMP, 'images/10.jpg'),
(11, 'Áo sơ mi nam kẻ sọc', 'Áo sơ mi nam kẻ sọc xanh trắng, chất liệu cotton thoáng mát', 380000, 441000, 1, CURRENT_TIMESTAMP, 'images/11.jpg'),
(12, 'Áo polo nam thể thao', 'Áo polo nam thể thao, chất liệu thun co giãn, thoáng khí', 280000, 0, 1, CURRENT_TIMESTAMP, 'images/12.jpg'),
(13, 'Quần short nam kaki', 'Quần short nam kaki, phù hợp mùa hè, form regular', 320000, 0, 2, CURRENT_TIMESTAMP, 'images/13.jpg'),
(14, 'Quần jogger nam', 'Quần jogger nam chất liệu nỉ, co giãn tốt, phù hợp thể thao', 350000, 0, 2, CURRENT_TIMESTAMP, 'images/14.jpg'),
(15, 'Áo kiểu nữ công sở', 'Áo kiểu nữ công sở, thiết kế thanh lịch, chất liệu lụa cao cấp', 420000, 475000, 3, CURRENT_TIMESTAMP, 'images/15.jpg'),
(16, 'Áo khoác nữ nhẹ', 'Áo khoác nữ nhẹ chất liệu dù, chống nắng, chống gió nhẹ', 450000, 0, 3, CURRENT_TIMESTAMP, 'images/16.jpg'),
(17, 'Quần culottes nữ', 'Quần culottes nữ ống rộng, chất liệu vải mềm, thoáng mát', 380000, 475000, 4, CURRENT_TIMESTAMP, 'images/17.jpg'),
(18, 'Quần legging nữ thể thao', 'Quần legging nữ thể thao, co giãn 4 chiều, thoát mồ hôi tốt', 250000, 0, 4, CURRENT_TIMESTAMP, 'images/18.jpg'),
(19, 'Váy liền thân công sở', 'Váy liền thân công sở, thiết kế thanh lịch, kín đáo', 580000, 761000, 5, CURRENT_TIMESTAMP, 'images/19.jpg'),
(20, 'Đầm maxi đi biển', 'Đầm maxi đi biển, chất liệu voan nhẹ, họa tiết hoa', 620000, 0, 5, CURRENT_TIMESTAMP, 'images/20.jpg'),
(21, 'Mũ bucket thời trang', 'Mũ bucket thời trang, chất liệu cotton, phù hợp đi chơi, dã ngoại', 180000, 206000, 6, CURRENT_TIMESTAMP, 'images/21.jpg'),
(22, 'Túi xách nữ công sở', 'Túi xách nữ công sở, chất liệu da PU cao cấp, nhiều ngăn tiện lợi', 480000, 0, 6, CURRENT_TIMESTAMP, 'images/22.jpg'),
(23, 'Áo khoác nam da lộn', 'Chất liệu da lộn mềm mại, lót lông ấm áp', 850000, 0, 1, CURRENT_TIMESTAMP, 'images/23.jpg'),
(24, 'Quần Jeans nam xám khói', 'Màu xám khói hiện đại, wash nhẹ cá tính', 490000, 0, 2, CURRENT_TIMESTAMP, 'images/24.jpg'),
(25, 'Áo len nữ cổ lọ', 'Len dệt sợi to, phong cách vintage', 390000, 0, 3, CURRENT_TIMESTAMP, 'images/25.jpg'),
(26, 'Quần Jogger nữ thun', 'Dáng basic, cạp chun thoải mái', 250000, 310000, 4, CURRENT_TIMESTAMP, 'images/26.jpg'),
(27, 'Chân váy dập ly', 'Vải voan 2 lớp, độ xòe rộng', 320000, 408000, 5, CURRENT_TIMESTAMP, 'images/27.jpg'),
(28, 'Kính mắt thời trang', 'Chống tia UV400, gọng nhựa bền bỉ', 150000, 166000, 6, CURRENT_TIMESTAMP, 'images/28.jpg'),
(29, 'Áo Hoodie nam nỉ', 'Nỉ bông dày dặn, in hình trẻ trung', 330000, 431000, 1, CURRENT_TIMESTAMP, 'images/29.jpg'),
(30, 'Quần Kaki nam xanh rêu', 'Chất vải bền màu, form đứng dáng', 380000, 0, 2, CURRENT_TIMESTAMP, 'images/30.jpg'),
(31, 'Áo Croptop nữ cá tính', 'Áo ôm dáng, cổ tim gợi cảm', 180000, 0, 3, CURRENT_TIMESTAMP, 'images/31.jpg'),
(32, 'Quần Short nữ lửng', 'Phong cách street style, vải thô', 220000, 0, 4, CURRENT_TIMESTAMP, 'images/32.jpg'),
(33, 'Đầm suông cổ yếm', 'Váy lụa hở lưng đi tiệc', 590000, 797000, 5, CURRENT_TIMESTAMP, 'images/33.jpg'),
(34, 'Ví da nữ mini', 'Da bò thật, thiết kế nhỏ gọn', 420000, 0, 6, CURRENT_TIMESTAMP, 'images/34.png'),
(35, 'Áo Vest nam lịch lãm', 'Form chuẩn doanh nhân, màu đen sọc', 1200000, 0, 1, CURRENT_TIMESTAMP, 'images/35.jpg'),
(36, 'Áo dạ nữ dáng dài', 'Màu be trung tính, sang trọng', 950000, 1094000, 3, CURRENT_TIMESTAMP, 'images/36.png'),
(37, 'Chân váy chữ A', 'Vải tuyết mưa, công sở trẻ trung', 280000, 324000, 5, CURRENT_TIMESTAMP, 'images/37.png'),
(38, 'Dây chuyền bạc Ý', 'Mặt đá lấp lánh, quà tặng ý nghĩa', 450000, 0, 6, CURRENT_TIMESTAMP, 'images/38.png'),
(39, 'Áo Gió nam 2 lớp', 'Chống thấm nước, có mũ tháo rời', 450000, 0, 1, CURRENT_TIMESTAMP, 'images/39.jpg'),
(40, 'Quần Tây nam cao cấp', 'Chất liệu vải không nhăn, độ bền cao', 550000, 0, 2, CURRENT_TIMESTAMP, 'images/40.jpg');

-- 6. Product Variants
INSERT INTO ProductVariants (ProductID, ColorID, SizeID, Quantity) VALUES
(1, 4, 1, 36),
(1, 4, 2, 46),
(1, 4, 5, 26),
(1, 4, 4, 20),
(1, 4, 3, 98),
(1, 7, 3, 48),
(1, 7, 1, 59),
(1, 7, 4, 57),
(1, 7, 2, 96),
(1, 7, 5, 74),
(2, 11, 5, 29),
(2, 11, 2, 40),
(2, 11, 3, 57),
(2, 9, 2, 76),
(2, 9, 1, 33),
(2, 9, 4, 97),
(2, 9, 5, 61),
(2, 5, 1, 87),
(2, 5, 3, 78),
(2, 5, 2, 63),
(2, 4, 2, 63),
(2, 4, 5, 71),
(3, 8, 11, 53),
(3, 8, 9, 53),
(3, 8, 12, 28),
(3, 8, 8, 42),
(3, 8, 6, 63),
(3, 4, 12, 71),
(3, 4, 9, 25),
(4, 3, 9, 88),
(4, 3, 6, 60),
(4, 3, 11, 31),
(4, 3, 8, 34),
(4, 6, 8, 94),
(4, 6, 10, 47),
(4, 6, 6, 29),
(4, 6, 11, 100),
(4, 6, 7, 76),
(5, 9, 4, 35),
(5, 9, 5, 99),
(5, 9, 2, 49),
(5, 9, 1, 35),
(5, 9, 3, 43),
(5, 6, 1, 31),
(5, 6, 2, 53),
(5, 3, 3, 84),
(5, 3, 2, 85),
(5, 3, 4, 26),
(5, 12, 5, 51),
(5, 12, 4, 48),
(5, 12, 1, 26),
(6, 11, 1, 71),
(6, 11, 5, 63),
(6, 11, 2, 80),
(6, 11, 4, 99),
(6, 6, 4, 93),
(6, 6, 1, 40),
(6, 6, 5, 48),
(6, 6, 3, 81),
(6, 6, 2, 93),
(6, 3, 3, 83),
(6, 3, 2, 51),
(6, 3, 1, 53),
(7, 10, 6, 56),
(7, 10, 8, 92),
(7, 3, 11, 30),
(7, 3, 10, 45),
(7, 3, 6, 62),
(7, 3, 7, 20),
(7, 3, 8, 24),
(8, 3, 2, 68),
(8, 3, 4, 66),
(8, 3, 3, 99),
(8, 1, 5, 72),
(8, 1, 2, 47),
(8, 1, 1, 93),
(8, 1, 3, 79),
(8, 1, 4, 83),
(8, 4, 1, 80),
(8, 4, 3, 25),
(8, 4, 5, 31),
(8, 4, 2, 65),
(8, 9, 1, 46),
(8, 9, 3, 26),
(9, 2, 1, 89),
(9, 2, 4, 55),
(9, 2, 3, 95),
(9, 2, 5, 49),
(9, 2, 2, 53),
(9, 3, 3, 99),
(9, 3, 2, 29),
(9, 3, 5, 99),
(9, 3, 1, 47),
(10, 12, 1, 46),
(10, 3, 1, 21),
(10, 8, 1, 37),
(10, 2, 1, 83),
(11, 8, 4, 79),
(11, 8, 5, 55),
(11, 8, 2, 52),
(11, 8, 3, 20),
(11, 8, 1, 62),
(11, 11, 5, 87),
(11, 11, 2, 58),
(11, 11, 3, 35),
(11, 11, 1, 92),
(11, 11, 4, 35),
(11, 3, 3, 96),
(11, 3, 2, 61),
(11, 3, 5, 65),
(11, 3, 1, 91),
(12, 12, 5, 59),
(12, 12, 2, 64),
(12, 9, 1, 79),
(12, 9, 2, 89),
(12, 9, 3, 30),
(12, 11, 4, 77),
(12, 11, 2, 82),
(12, 1, 4, 84),
(12, 1, 1, 59),
(13, 10, 10, 88),
(13, 10, 9, 60),
(13, 10, 7, 53),
(13, 10, 8, 72),
(13, 5, 8, 88),
(13, 5, 7, 30),
(13, 5, 11, 85),
(13, 5, 12, 73),
(13, 5, 6, 87),
(13, 5, 9, 34),
(13, 5, 10, 23),
(13, 12, 11, 39),
(13, 12, 9, 93),
(13, 12, 10, 74),
(13, 12, 6, 47),
(13, 12, 7, 45),
(13, 12, 8, 95),
(13, 4, 8, 47),
(13, 4, 10, 54),
(13, 4, 12, 64),
(14, 10, 8, 52),
(14, 10, 9, 30),
(14, 10, 11, 53),
(14, 10, 10, 38),
(14, 4, 12, 49),
(14, 4, 8, 36),
(14, 4, 11, 59),
(14, 12, 10, 45),
(14, 12, 9, 51),
(14, 9, 11, 69),
(14, 9, 9, 49),
(14, 9, 6, 24),
(14, 9, 8, 63),
(15, 1, 1, 94),
(15, 1, 3, 81),
(15, 7, 2, 22),
(15, 7, 1, 50),
(15, 7, 3, 46),
(15, 5, 3, 23),
(15, 5, 5, 94),
(15, 5, 4, 62),
(16, 3, 3, 92),
(16, 3, 5, 49),
(16, 6, 2, 56),
(16, 6, 4, 22),
(16, 6, 5, 81),
(16, 6, 3, 79),
(17, 8, 9, 38),
(17, 8, 12, 84),
(17, 8, 10, 76),
(17, 8, 8, 68),
(17, 7, 10, 97),
(17, 7, 7, 40),
(17, 1, 7, 47),
(17, 1, 8, 90),
(17, 1, 11, 80),
(17, 1, 10, 42),
(17, 1, 9, 39),
(17, 11, 12, 23),
(17, 11, 10, 25),
(18, 9, 10, 40),
(18, 9, 11, 50),
(18, 9, 7, 88),
(18, 9, 6, 98),
(18, 9, 12, 55),
(18, 9, 9, 57),
(18, 6, 7, 33),
(18, 6, 9, 51),
(18, 12, 7, 77),
(18, 12, 6, 76),
(18, 2, 6, 42),
(18, 2, 12, 38),
(18, 2, 10, 74),
(18, 2, 7, 35),
(19, 6, 3, 30),
(19, 6, 1, 98),
(19, 1, 1, 20),
(19, 1, 4, 73),
(19, 1, 3, 35),
(19, 1, 2, 75),
(19, 1, 5, 68),
(19, 11, 3, 63),
(19, 11, 4, 98),
(19, 4, 2, 83),
(19, 4, 5, 67),
(20, 12, 5, 47),
(20, 12, 2, 52),
(20, 12, 4, 97),
(20, 9, 2, 70),
(20, 9, 3, 86),
(20, 9, 1, 94),
(20, 9, 5, 64),
(20, 9, 4, 87),
(21, 6, 1, 87),
(21, 7, 1, 27),
(21, 9, 1, 85),
(22, 5, 1, 67),
(22, 4, 1, 89),
(22, 1, 1, 23),
(23, 11, 3, 36),
(23, 11, 5, 89),
(23, 11, 1, 49),
(23, 9, 3, 56),
(23, 9, 2, 71),
(23, 9, 5, 32),
(24, 10, 10, 70),
(24, 10, 8, 45),
(24, 10, 6, 61),
(24, 10, 11, 40),
(24, 10, 7, 50),
(24, 10, 9, 67),
(24, 5, 12, 49),
(24, 5, 9, 27),
(24, 5, 11, 85),
(24, 1, 9, 46),
(24, 1, 12, 43),
(24, 1, 6, 70),
(24, 1, 11, 30),
(24, 1, 8, 45),
(24, 1, 10, 100),
(25, 1, 2, 29),
(25, 1, 3, 55),
(25, 1, 5, 40),
(25, 1, 4, 24),
(25, 1, 1, 41),
(25, 8, 2, 31),
(25, 8, 5, 87),
(25, 8, 1, 85),
(25, 8, 4, 43),
(25, 8, 3, 29),
(25, 3, 5, 26),
(25, 3, 1, 20),
(25, 3, 3, 60),
(25, 3, 4, 45),
(25, 3, 2, 61),
(25, 6, 1, 94),
(25, 6, 2, 42),
(26, 6, 6, 40),
(26, 6, 10, 72),
(26, 6, 11, 55),
(26, 6, 12, 51),
(26, 6, 7, 28),
(26, 6, 9, 92),
(26, 6, 8, 44),
(26, 8, 7, 33),
(26, 8, 9, 42),
(26, 8, 10, 66),
(26, 8, 6, 79),
(26, 8, 11, 96),
(27, 5, 3, 98),
(27, 5, 2, 47),
(27, 5, 4, 38),
(27, 12, 2, 84),
(27, 12, 4, 59),
(27, 12, 3, 75),
(27, 12, 5, 97),
(27, 8, 1, 40),
(27, 8, 2, 24),
(28, 5, 1, 47),
(28, 1, 1, 31),
(29, 5, 5, 78),
(29, 5, 3, 93),
(29, 7, 1, 38),
(29, 7, 4, 70),
(29, 7, 2, 24),
(30, 12, 6, 44),
(30, 12, 11, 28),
(30, 10, 6, 38),
(30, 10, 12, 20),
(31, 10, 3, 77),
(31, 10, 4, 84),
(31, 10, 1, 66),
(31, 4, 4, 47),
(31, 4, 2, 98),
(31, 7, 2, 65),
(31, 7, 4, 92),
(31, 7, 3, 42),
(31, 7, 1, 78),
(31, 7, 5, 22),
(31, 9, 2, 73),
(31, 9, 3, 98),
(31, 9, 1, 50),
(31, 9, 4, 60),
(31, 9, 5, 68),
(32, 9, 7, 50),
(32, 9, 6, 81),
(32, 9, 10, 64),
(32, 9, 8, 76),
(32, 9, 11, 76),
(32, 9, 12, 78),
(32, 6, 8, 99),
(32, 6, 11, 56),
(32, 6, 6, 64),
(32, 6, 7, 64),
(32, 6, 9, 43),
(32, 11, 7, 40),
(32, 11, 8, 92),
(32, 11, 9, 26),
(32, 11, 11, 32),
(33, 3, 5, 57),
(33, 3, 3, 29),
(33, 3, 2, 56),
(33, 3, 1, 57),
(33, 11, 5, 75),
(33, 11, 1, 96),
(33, 6, 2, 50),
(33, 6, 3, 99),
(33, 6, 4, 62),
(33, 9, 2, 74),
(33, 9, 5, 47),
(34, 3, 1, 71),
(34, 6, 1, 22),
(34, 12, 1, 42),
(34, 9, 1, 61),
(35, 2, 1, 29),
(35, 2, 4, 79),
(35, 2, 3, 64),
(35, 2, 5, 22),
(35, 4, 3, 55),
(35, 4, 5, 77),
(35, 4, 4, 82),
(35, 4, 1, 34),
(35, 4, 2, 34),
(35, 3, 4, 82),
(35, 3, 5, 71),
(35, 3, 1, 51),
(35, 3, 2, 29),
(36, 12, 5, 91),
(36, 12, 4, 42),
(36, 12, 2, 74),
(36, 12, 3, 100),
(36, 12, 1, 30),
(36, 7, 5, 43),
(36, 7, 4, 83),
(36, 7, 2, 92),
(36, 7, 3, 65),
(37, 10, 2, 92),
(37, 10, 5, 30),
(37, 10, 4, 88),
(37, 10, 1, 91),
(37, 10, 3, 54),
(37, 3, 3, 40),
(37, 3, 2, 48),
(37, 3, 5, 72),
(37, 3, 1, 25),
(37, 11, 5, 80),
(37, 11, 1, 66),
(37, 11, 2, 75),
(37, 6, 5, 86),
(37, 6, 2, 75),
(38, 3, 1, 48),
(38, 2, 1, 55),
(38, 1, 1, 89),
(39, 12, 3, 75),
(39, 12, 5, 55),
(39, 12, 4, 30),
(39, 12, 1, 27),
(39, 12, 2, 93),
(39, 3, 5, 80),
(39, 3, 4, 22),
(39, 3, 3, 98),
(39, 3, 1, 92),
(39, 3, 2, 88),
(39, 9, 4, 43),
(39, 9, 1, 84),
(39, 9, 5, 54),
(39, 9, 3, 44),
(39, 5, 3, 86),
(39, 5, 1, 91),
(40, 3, 7, 46),
(40, 3, 9, 66),
(40, 3, 10, 54),
(40, 3, 8, 41),
(40, 3, 11, 72),
(40, 2, 12, 25),
(40, 2, 7, 24),
(40, 2, 8, 71),
(40, 10, 9, 52),
(40, 10, 6, 24),
(40, 10, 7, 50),
(40, 10, 11, 50);

-- 7. Reviews
INSERT INTO Reviews (CustomerID, ProductID, Rating, Comment, ReviewDate) VALUES
(106, 1, 5, 'Giao hàng rất nhanh, đóng gói đẹp. Sẽ quay lại ủng hộ.', CURRENT_TIMESTAMP - (random() * 60 || ' days')::interval),
(11, 1, 5, 'Tuyệt vời! Vải mặc rất thích, đúng kích cỡ.', CURRENT_TIMESTAMP - (random() * 60 || ' days')::interval),
(180, 1, 4, 'Giao hàng hơi chậm nhưng bù lại chất lượng quá ok.', CURRENT_TIMESTAMP - (random() * 60 || ' days')::interval),
(197, 1, 5, 'Sản phẩm cực kỳ chất lượng, đáng đồng tiền bát gạo.', CURRENT_TIMESTAMP - (random() * 60 || ' days')::interval),
(113, 1, 4, 'Hàng ổn, form đẹp. Tuy nhiên màu hơi khác ảnh một tẹo.', CURRENT_TIMESTAMP - (random() * 60 || ' days')::interval),
(122, 1, 1, 'Sản phẩm tệ, không giống mô tả. Không nên mua.', CURRENT_TIMESTAMP - (random() * 60 || ' days')::interval),
(44, 1, 4, 'Hàng ổn, form đẹp. Tuy nhiên màu hơi khác ảnh một tẹo.', CURRENT_TIMESTAMP - (random() * 60 || ' days')::interval),
(123, 1, 1, 'Sản phẩm tệ, không giống mô tả. Không nên mua.', CURRENT_TIMESTAMP - (random() * 60 || ' days')::interval),
(110, 1, 4, 'Hàng ổn, form đẹp. Tuy nhiên màu hơi khác ảnh một tẹo.', CURRENT_TIMESTAMP - (random() * 60 || ' days')::interval),
(61, 1, 5, 'Tuyệt vời! Vải mặc rất thích, đúng kích cỡ.', CURRENT_TIMESTAMP - (random() * 60 || ' days')::interval),
(172, 1, 5, 'Sản phẩm cực kỳ chất lượng, đáng đồng tiền bát gạo.', CURRENT_TIMESTAMP - (random() * 60 || ' days')::interval),
(100, 1, 3, 'Bình thường, không quá đặc biệt so với giá.', CURRENT_TIMESTAMP - (random() * 60 || ' days')::interval),
(34, 1, 3, 'Bình thường, không quá đặc biệt so với giá.', CURRENT_TIMESTAMP - (random() * 60 || ' days')::interval),
(171, 1, 5, 'Giao hàng rất nhanh, đóng gói đẹp. Sẽ quay lại ủng hộ.', CURRENT_TIMESTAMP - (random() * 60 || ' days')::interval),
(8, 2, 5, 'Giao hàng rất nhanh, đóng gói đẹp. Sẽ quay lại ủng hộ.', CURRENT_TIMESTAMP - (random() * 60 || ' days')::interval),
(177, 2, 5, 'Giao hàng rất nhanh, đóng gói đẹp. Sẽ quay lại ủng hộ.', CURRENT_TIMESTAMP - (random() * 60 || ' days')::interval),
(164, 2, 1, 'Sản phẩm tệ, không giống mô tả. Không nên mua.', CURRENT_TIMESTAMP - (random() * 60 || ' days')::interval),
(175, 2, 5, 'Sản phẩm cực kỳ chất lượng, đáng đồng tiền bát gạo.', CURRENT_TIMESTAMP - (random() * 60 || ' days')::interval),
(183, 2, 3, 'Bình thường, không quá đặc biệt so với giá.', CURRENT_TIMESTAMP - (random() * 60 || ' days')::interval),
(69, 2, 5, 'Giao hàng rất nhanh, đóng gói đẹp. Sẽ quay lại ủng hộ.', CURRENT_TIMESTAMP - (random() * 60 || ' days')::interval),
(166, 2, 2, 'Hơi thất vọng, chỉ may còn thừa nhiều quá.', CURRENT_TIMESTAMP - (random() * 60 || ' days')::interval),
(191, 2, 2, 'Hơi thất vọng, chỉ may còn thừa nhiều quá.', CURRENT_TIMESTAMP - (random() * 60 || ' days')::interval),
(76, 2, 5, 'Giao hàng rất nhanh, đóng gói đẹp. Sẽ quay lại ủng hộ.', CURRENT_TIMESTAMP - (random() * 60 || ' days')::interval),
(126, 2, 4, 'Giao hàng hơi chậm nhưng bù lại chất lượng quá ok.', CURRENT_TIMESTAMP - (random() * 60 || ' days')::interval),
(67, 2, 5, 'Giao hàng rất nhanh, đóng gói đẹp. Sẽ quay lại ủng hộ.', CURRENT_TIMESTAMP - (random() * 60 || ' days')::interval),
(41, 2, 5, 'Sản phẩm cực kỳ chất lượng, đáng đồng tiền bát gạo.', CURRENT_TIMESTAMP - (random() * 60 || ' days')::interval),
(72, 2, 4, 'Hàng ổn, form đẹp. Tuy nhiên màu hơi khác ảnh một tẹo.', CURRENT_TIMESTAMP - (random() * 60 || ' days')::interval),
(116, 2, 5, 'Sản phẩm cực kỳ chất lượng, đáng đồng tiền bát gạo.', CURRENT_TIMESTAMP - (random() * 60 || ' days')::interval),
(190, 3, 4, 'Giao hàng hơi chậm nhưng bù lại chất lượng quá ok.', CURRENT_TIMESTAMP - (random() * 60 || ' days')::interval),
(158, 3, 5, 'Tuyệt vời! Vải mặc rất thích, đúng kích cỡ.', CURRENT_TIMESTAMP - (random() * 60 || ' days')::interval),
(182, 3, 5, 'Sản phẩm cực kỳ chất lượng, đáng đồng tiền bát gạo.', CURRENT_TIMESTAMP - (random() * 60 || ' days')::interval),
(160, 3, 5, 'Sản phẩm cực kỳ chất lượng, đáng đồng tiền bát gạo.', CURRENT_TIMESTAMP - (random() * 60 || ' days')::interval),
(49, 3, 1, 'Sản phẩm tệ, không giống mô tả. Không nên mua.', CURRENT_TIMESTAMP - (random() * 60 || ' days')::interval),
(78, 3, 4, 'Giao hàng hơi chậm nhưng bù lại chất lượng quá ok.', CURRENT_TIMESTAMP - (random() * 60 || ' days')::interval),
(16, 3, 2, 'Hơi thất vọng, chỉ may còn thừa nhiều quá.', CURRENT_TIMESTAMP - (random() * 60 || ' days')::interval),
(21, 4, 5, 'Sản phẩm cực kỳ chất lượng, đáng đồng tiền bát gạo.', CURRENT_TIMESTAMP - (random() * 60 || ' days')::interval),
(185, 4, 2, 'Hơi thất vọng, chỉ may còn thừa nhiều quá.', CURRENT_TIMESTAMP - (random() * 60 || ' days')::interval),
(47, 4, 5, 'Giao hàng rất nhanh, đóng gói đẹp. Sẽ quay lại ủng hộ.', CURRENT_TIMESTAMP - (random() * 60 || ' days')::interval),
(180, 4, 4, 'Hàng ổn, form đẹp. Tuy nhiên màu hơi khác ảnh một tẹo.', CURRENT_TIMESTAMP - (random() * 60 || ' days')::interval),
(153, 4, 4, 'Giao hàng hơi chậm nhưng bù lại chất lượng quá ok.', CURRENT_TIMESTAMP - (random() * 60 || ' days')::interval),
(115, 4, 4, 'Hàng ổn, form đẹp. Tuy nhiên màu hơi khác ảnh một tẹo.', CURRENT_TIMESTAMP - (random() * 60 || ' days')::interval),
(33, 4, 5, 'Giao hàng rất nhanh, đóng gói đẹp. Sẽ quay lại ủng hộ.', CURRENT_TIMESTAMP - (random() * 60 || ' days')::interval),
(199, 4, 4, 'Hàng ổn, form đẹp. Tuy nhiên màu hơi khác ảnh một tẹo.', CURRENT_TIMESTAMP - (random() * 60 || ' days')::interval),
(197, 4, 5, 'Sản phẩm cực kỳ chất lượng, đáng đồng tiền bát gạo.', CURRENT_TIMESTAMP - (random() * 60 || ' days')::interval),
(104, 4, 4, 'Giao hàng hơi chậm nhưng bù lại chất lượng quá ok.', CURRENT_TIMESTAMP - (random() * 60 || ' days')::interval),
(84, 5, 5, 'Tuyệt vời! Vải mặc rất thích, đúng kích cỡ.', CURRENT_TIMESTAMP - (random() * 60 || ' days')::interval),
(171, 5, 3, 'Bình thường, không quá đặc biệt so với giá.', CURRENT_TIMESTAMP - (random() * 60 || ' days')::interval),
(131, 5, 4, 'Hàng ổn, form đẹp. Tuy nhiên màu hơi khác ảnh một tẹo.', CURRENT_TIMESTAMP - (random() * 60 || ' days')::interval),
(31, 5, 5, 'Sản phẩm cực kỳ chất lượng, đáng đồng tiền bát gạo.', CURRENT_TIMESTAMP - (random() * 60 || ' days')::interval),
(198, 5, 3, 'Bình thường, không quá đặc biệt so với giá.', CURRENT_TIMESTAMP - (random() * 60 || ' days')::interval),
(141, 5, 5, 'Tuyệt vời! Vải mặc rất thích, đúng kích cỡ.', CURRENT_TIMESTAMP - (random() * 60 || ' days')::interval),
(27, 5, 5, 'Giao hàng rất nhanh, đóng gói đẹp. Sẽ quay lại ủng hộ.', CURRENT_TIMESTAMP - (random() * 60 || ' days')::interval),
(175, 6, 3, 'Bình thường, không quá đặc biệt so với giá.', CURRENT_TIMESTAMP - (random() * 60 || ' days')::interval),
(29, 6, 4, 'Giao hàng hơi chậm nhưng bù lại chất lượng quá ok.', CURRENT_TIMESTAMP - (random() * 60 || ' days')::interval),
(106, 6, 1, 'Sản phẩm tệ, không giống mô tả. Không nên mua.', CURRENT_TIMESTAMP - (random() * 60 || ' days')::interval),
(93, 6, 2, 'Hơi thất vọng, chỉ may còn thừa nhiều quá.', CURRENT_TIMESTAMP - (random() * 60 || ' days')::interval),
(128, 6, 5, 'Tuyệt vời! Vải mặc rất thích, đúng kích cỡ.', CURRENT_TIMESTAMP - (random() * 60 || ' days')::interval),
(13, 6, 2, 'Hơi thất vọng, chỉ may còn thừa nhiều quá.', CURRENT_TIMESTAMP - (random() * 60 || ' days')::interval),
(77, 6, 5, 'Tuyệt vời! Vải mặc rất thích, đúng kích cỡ.', CURRENT_TIMESTAMP - (random() * 60 || ' days')::interval),
(87, 6, 4, 'Hàng ổn, form đẹp. Tuy nhiên màu hơi khác ảnh một tẹo.', CURRENT_TIMESTAMP - (random() * 60 || ' days')::interval),
(129, 6, 4, 'Hàng ổn, form đẹp. Tuy nhiên màu hơi khác ảnh một tẹo.', CURRENT_TIMESTAMP - (random() * 60 || ' days')::interval),
(140, 6, 5, 'Sản phẩm cực kỳ chất lượng, đáng đồng tiền bát gạo.', CURRENT_TIMESTAMP - (random() * 60 || ' days')::interval),
(116, 6, 4, 'Giao hàng hơi chậm nhưng bù lại chất lượng quá ok.', CURRENT_TIMESTAMP - (random() * 60 || ' days')::interval),
(31, 6, 4, 'Hàng ổn, form đẹp. Tuy nhiên màu hơi khác ảnh một tẹo.', CURRENT_TIMESTAMP - (random() * 60 || ' days')::interval),
(63, 6, 5, 'Sản phẩm cực kỳ chất lượng, đáng đồng tiền bát gạo.', CURRENT_TIMESTAMP - (random() * 60 || ' days')::interval),
(125, 6, 5, 'Tuyệt vời! Vải mặc rất thích, đúng kích cỡ.', CURRENT_TIMESTAMP - (random() * 60 || ' days')::interval),
(69, 6, 4, 'Hàng ổn, form đẹp. Tuy nhiên màu hơi khác ảnh một tẹo.', CURRENT_TIMESTAMP - (random() * 60 || ' days')::interval),
(17, 7, 3, 'Bình thường, không quá đặc biệt so với giá.', CURRENT_TIMESTAMP - (random() * 60 || ' days')::interval),
(197, 7, 1, 'Sản phẩm tệ, không giống mô tả. Không nên mua.', CURRENT_TIMESTAMP - (random() * 60 || ' days')::interval),
(48, 7, 5, 'Sản phẩm cực kỳ chất lượng, đáng đồng tiền bát gạo.', CURRENT_TIMESTAMP - (random() * 60 || ' days')::interval),
(163, 7, 1, 'Sản phẩm tệ, không giống mô tả. Không nên mua.', CURRENT_TIMESTAMP - (random() * 60 || ' days')::interval),
(18, 7, 5, 'Giao hàng rất nhanh, đóng gói đẹp. Sẽ quay lại ủng hộ.', CURRENT_TIMESTAMP - (random() * 60 || ' days')::interval),
(123, 7, 4, 'Giao hàng hơi chậm nhưng bù lại chất lượng quá ok.', CURRENT_TIMESTAMP - (random() * 60 || ' days')::interval),
(24, 8, 4, 'Hàng ổn, form đẹp. Tuy nhiên màu hơi khác ảnh một tẹo.', CURRENT_TIMESTAMP - (random() * 60 || ' days')::interval),
(63, 8, 3, 'Bình thường, không quá đặc biệt so với giá.', CURRENT_TIMESTAMP - (random() * 60 || ' days')::interval),
(106, 8, 5, 'Sản phẩm cực kỳ chất lượng, đáng đồng tiền bát gạo.', CURRENT_TIMESTAMP - (random() * 60 || ' days')::interval),
(100, 8, 1, 'Sản phẩm tệ, không giống mô tả. Không nên mua.', CURRENT_TIMESTAMP - (random() * 60 || ' days')::interval),
(192, 8, 4, 'Giao hàng hơi chậm nhưng bù lại chất lượng quá ok.', CURRENT_TIMESTAMP - (random() * 60 || ' days')::interval),
(191, 8, 3, 'Bình thường, không quá đặc biệt so với giá.', CURRENT_TIMESTAMP - (random() * 60 || ' days')::interval),
(173, 8, 4, 'Hàng ổn, form đẹp. Tuy nhiên màu hơi khác ảnh một tẹo.', CURRENT_TIMESTAMP - (random() * 60 || ' days')::interval),
(142, 8, 5, 'Sản phẩm cực kỳ chất lượng, đáng đồng tiền bát gạo.', CURRENT_TIMESTAMP - (random() * 60 || ' days')::interval),
(97, 8, 4, 'Giao hàng hơi chậm nhưng bù lại chất lượng quá ok.', CURRENT_TIMESTAMP - (random() * 60 || ' days')::interval),
(131, 8, 4, 'Hàng ổn, form đẹp. Tuy nhiên màu hơi khác ảnh một tẹo.', CURRENT_TIMESTAMP - (random() * 60 || ' days')::interval),
(64, 9, 5, 'Tuyệt vời! Vải mặc rất thích, đúng kích cỡ.', CURRENT_TIMESTAMP - (random() * 60 || ' days')::interval),
(142, 9, 5, 'Tuyệt vời! Vải mặc rất thích, đúng kích cỡ.', CURRENT_TIMESTAMP - (random() * 60 || ' days')::interval),
(162, 9, 5, 'Tuyệt vời! Vải mặc rất thích, đúng kích cỡ.', CURRENT_TIMESTAMP - (random() * 60 || ' days')::interval),
(42, 9, 5, 'Sản phẩm cực kỳ chất lượng, đáng đồng tiền bát gạo.', CURRENT_TIMESTAMP - (random() * 60 || ' days')::interval),
(89, 9, 2, 'Hơi thất vọng, chỉ may còn thừa nhiều quá.', CURRENT_TIMESTAMP - (random() * 60 || ' days')::interval),
(62, 9, 4, 'Hàng ổn, form đẹp. Tuy nhiên màu hơi khác ảnh một tẹo.', CURRENT_TIMESTAMP - (random() * 60 || ' days')::interval),
(24, 9, 5, 'Sản phẩm cực kỳ chất lượng, đáng đồng tiền bát gạo.', CURRENT_TIMESTAMP - (random() * 60 || ' days')::interval),
(126, 9, 1, 'Sản phẩm tệ, không giống mô tả. Không nên mua.', CURRENT_TIMESTAMP - (random() * 60 || ' days')::interval),
(151, 9, 1, 'Sản phẩm tệ, không giống mô tả. Không nên mua.', CURRENT_TIMESTAMP - (random() * 60 || ' days')::interval),
(35, 9, 3, 'Bình thường, không quá đặc biệt so với giá.', CURRENT_TIMESTAMP - (random() * 60 || ' days')::interval),
(158, 9, 5, 'Tuyệt vời! Vải mặc rất thích, đúng kích cỡ.', CURRENT_TIMESTAMP - (random() * 60 || ' days')::interval),
(110, 9, 2, 'Hơi thất vọng, chỉ may còn thừa nhiều quá.', CURRENT_TIMESTAMP - (random() * 60 || ' days')::interval),
(198, 10, 4, 'Giao hàng hơi chậm nhưng bù lại chất lượng quá ok.', CURRENT_TIMESTAMP - (random() * 60 || ' days')::interval),
(140, 10, 5, 'Sản phẩm cực kỳ chất lượng, đáng đồng tiền bát gạo.', CURRENT_TIMESTAMP - (random() * 60 || ' days')::interval),
(135, 10, 3, 'Bình thường, không quá đặc biệt so với giá.', CURRENT_TIMESTAMP - (random() * 60 || ' days')::interval),
(145, 10, 5, 'Sản phẩm cực kỳ chất lượng, đáng đồng tiền bát gạo.', CURRENT_TIMESTAMP - (random() * 60 || ' days')::interval),
(87, 10, 2, 'Hơi thất vọng, chỉ may còn thừa nhiều quá.', CURRENT_TIMESTAMP - (random() * 60 || ' days')::interval),
(36, 10, 4, 'Giao hàng hơi chậm nhưng bù lại chất lượng quá ok.', CURRENT_TIMESTAMP - (random() * 60 || ' days')::interval),
(98, 10, 3, 'Bình thường, không quá đặc biệt so với giá.', CURRENT_TIMESTAMP - (random() * 60 || ' days')::interval),
(119, 10, 5, 'Tuyệt vời! Vải mặc rất thích, đúng kích cỡ.', CURRENT_TIMESTAMP - (random() * 60 || ' days')::interval),
(127, 10, 3, 'Bình thường, không quá đặc biệt so với giá.', CURRENT_TIMESTAMP - (random() * 60 || ' days')::interval),
(185, 10, 4, 'Hàng ổn, form đẹp. Tuy nhiên màu hơi khác ảnh một tẹo.', CURRENT_TIMESTAMP - (random() * 60 || ' days')::interval),
(133, 10, 5, 'Tuyệt vời! Vải mặc rất thích, đúng kích cỡ.', CURRENT_TIMESTAMP - (random() * 60 || ' days')::interval),
(12, 10, 2, 'Hơi thất vọng, chỉ may còn thừa nhiều quá.', CURRENT_TIMESTAMP - (random() * 60 || ' days')::interval),
(124, 10, 5, 'Giao hàng rất nhanh, đóng gói đẹp. Sẽ quay lại ủng hộ.', CURRENT_TIMESTAMP - (random() * 60 || ' days')::interval),
(179, 10, 4, 'Giao hàng hơi chậm nhưng bù lại chất lượng quá ok.', CURRENT_TIMESTAMP - (random() * 60 || ' days')::interval),
(82, 11, 1, 'Sản phẩm tệ, không giống mô tả. Không nên mua.', CURRENT_TIMESTAMP - (random() * 60 || ' days')::interval),
(74, 11, 2, 'Hơi thất vọng, chỉ may còn thừa nhiều quá.', CURRENT_TIMESTAMP - (random() * 60 || ' days')::interval),
(141, 11, 5, 'Tuyệt vời! Vải mặc rất thích, đúng kích cỡ.', CURRENT_TIMESTAMP - (random() * 60 || ' days')::interval),
(97, 11, 5, 'Sản phẩm cực kỳ chất lượng, đáng đồng tiền bát gạo.', CURRENT_TIMESTAMP - (random() * 60 || ' days')::interval),
(67, 11, 3, 'Bình thường, không quá đặc biệt so với giá.', CURRENT_TIMESTAMP - (random() * 60 || ' days')::interval),
(109, 11, 5, 'Giao hàng rất nhanh, đóng gói đẹp. Sẽ quay lại ủng hộ.', CURRENT_TIMESTAMP - (random() * 60 || ' days')::interval),
(148, 11, 4, 'Hàng ổn, form đẹp. Tuy nhiên màu hơi khác ảnh một tẹo.', CURRENT_TIMESTAMP - (random() * 60 || ' days')::interval),
(139, 11, 4, 'Giao hàng hơi chậm nhưng bù lại chất lượng quá ok.', CURRENT_TIMESTAMP - (random() * 60 || ' days')::interval),
(99, 11, 2, 'Hơi thất vọng, chỉ may còn thừa nhiều quá.', CURRENT_TIMESTAMP - (random() * 60 || ' days')::interval),
(19, 11, 3, 'Bình thường, không quá đặc biệt so với giá.', CURRENT_TIMESTAMP - (random() * 60 || ' days')::interval),
(56, 11, 5, 'Sản phẩm cực kỳ chất lượng, đáng đồng tiền bát gạo.', CURRENT_TIMESTAMP - (random() * 60 || ' days')::interval),
(92, 12, 4, 'Hàng ổn, form đẹp. Tuy nhiên màu hơi khác ảnh một tẹo.', CURRENT_TIMESTAMP - (random() * 60 || ' days')::interval),
(165, 12, 2, 'Hơi thất vọng, chỉ may còn thừa nhiều quá.', CURRENT_TIMESTAMP - (random() * 60 || ' days')::interval),
(141, 12, 4, 'Hàng ổn, form đẹp. Tuy nhiên màu hơi khác ảnh một tẹo.', CURRENT_TIMESTAMP - (random() * 60 || ' days')::interval),
(68, 12, 5, 'Giao hàng rất nhanh, đóng gói đẹp. Sẽ quay lại ủng hộ.', CURRENT_TIMESTAMP - (random() * 60 || ' days')::interval),
(200, 12, 5, 'Giao hàng rất nhanh, đóng gói đẹp. Sẽ quay lại ủng hộ.', CURRENT_TIMESTAMP - (random() * 60 || ' days')::interval),
(44, 12, 5, 'Giao hàng rất nhanh, đóng gói đẹp. Sẽ quay lại ủng hộ.', CURRENT_TIMESTAMP - (random() * 60 || ' days')::interval),
(66, 12, 5, 'Tuyệt vời! Vải mặc rất thích, đúng kích cỡ.', CURRENT_TIMESTAMP - (random() * 60 || ' days')::interval),
(59, 12, 4, 'Hàng ổn, form đẹp. Tuy nhiên màu hơi khác ảnh một tẹo.', CURRENT_TIMESTAMP - (random() * 60 || ' days')::interval),
(52, 12, 4, 'Giao hàng hơi chậm nhưng bù lại chất lượng quá ok.', CURRENT_TIMESTAMP - (random() * 60 || ' days')::interval),
(105, 12, 3, 'Bình thường, không quá đặc biệt so với giá.', CURRENT_TIMESTAMP - (random() * 60 || ' days')::interval),
(130, 12, 1, 'Sản phẩm tệ, không giống mô tả. Không nên mua.', CURRENT_TIMESTAMP - (random() * 60 || ' days')::interval),
(116, 12, 4, 'Giao hàng hơi chậm nhưng bù lại chất lượng quá ok.', CURRENT_TIMESTAMP - (random() * 60 || ' days')::interval),
(39, 12, 5, 'Sản phẩm cực kỳ chất lượng, đáng đồng tiền bát gạo.', CURRENT_TIMESTAMP - (random() * 60 || ' days')::interval),
(111, 13, 4, 'Giao hàng hơi chậm nhưng bù lại chất lượng quá ok.', CURRENT_TIMESTAMP - (random() * 60 || ' days')::interval),
(172, 13, 1, 'Sản phẩm tệ, không giống mô tả. Không nên mua.', CURRENT_TIMESTAMP - (random() * 60 || ' days')::interval),
(81, 13, 5, 'Tuyệt vời! Vải mặc rất thích, đúng kích cỡ.', CURRENT_TIMESTAMP - (random() * 60 || ' days')::interval),
(73, 13, 1, 'Sản phẩm tệ, không giống mô tả. Không nên mua.', CURRENT_TIMESTAMP - (random() * 60 || ' days')::interval),
(96, 13, 5, 'Sản phẩm cực kỳ chất lượng, đáng đồng tiền bát gạo.', CURRENT_TIMESTAMP - (random() * 60 || ' days')::interval),
(139, 13, 3, 'Bình thường, không quá đặc biệt so với giá.', CURRENT_TIMESTAMP - (random() * 60 || ' days')::interval),
(60, 13, 4, 'Hàng ổn, form đẹp. Tuy nhiên màu hơi khác ảnh một tẹo.', CURRENT_TIMESTAMP - (random() * 60 || ' days')::interval),
(3, 14, 2, 'Hơi thất vọng, chỉ may còn thừa nhiều quá.', CURRENT_TIMESTAMP - (random() * 60 || ' days')::interval),
(26, 14, 5, 'Tuyệt vời! Vải mặc rất thích, đúng kích cỡ.', CURRENT_TIMESTAMP - (random() * 60 || ' days')::interval),
(48, 14, 5, 'Tuyệt vời! Vải mặc rất thích, đúng kích cỡ.', CURRENT_TIMESTAMP - (random() * 60 || ' days')::interval),
(37, 14, 3, 'Bình thường, không quá đặc biệt so với giá.', CURRENT_TIMESTAMP - (random() * 60 || ' days')::interval),
(199, 14, 5, 'Giao hàng rất nhanh, đóng gói đẹp. Sẽ quay lại ủng hộ.', CURRENT_TIMESTAMP - (random() * 60 || ' days')::interval),
(146, 14, 4, 'Giao hàng hơi chậm nhưng bù lại chất lượng quá ok.', CURRENT_TIMESTAMP - (random() * 60 || ' days')::interval),
(83, 14, 5, 'Sản phẩm cực kỳ chất lượng, đáng đồng tiền bát gạo.', CURRENT_TIMESTAMP - (random() * 60 || ' days')::interval),
(41, 14, 4, 'Hàng ổn, form đẹp. Tuy nhiên màu hơi khác ảnh một tẹo.', CURRENT_TIMESTAMP - (random() * 60 || ' days')::interval),
(39, 14, 1, 'Sản phẩm tệ, không giống mô tả. Không nên mua.', CURRENT_TIMESTAMP - (random() * 60 || ' days')::interval),
(134, 14, 4, 'Giao hàng hơi chậm nhưng bù lại chất lượng quá ok.', CURRENT_TIMESTAMP - (random() * 60 || ' days')::interval),
(38, 15, 4, 'Hàng ổn, form đẹp. Tuy nhiên màu hơi khác ảnh một tẹo.', CURRENT_TIMESTAMP - (random() * 60 || ' days')::interval),
(199, 15, 5, 'Giao hàng rất nhanh, đóng gói đẹp. Sẽ quay lại ủng hộ.', CURRENT_TIMESTAMP - (random() * 60 || ' days')::interval),
(152, 15, 5, 'Sản phẩm cực kỳ chất lượng, đáng đồng tiền bát gạo.', CURRENT_TIMESTAMP - (random() * 60 || ' days')::interval),
(157, 15, 4, 'Hàng ổn, form đẹp. Tuy nhiên màu hơi khác ảnh một tẹo.', CURRENT_TIMESTAMP - (random() * 60 || ' days')::interval),
(36, 15, 1, 'Sản phẩm tệ, không giống mô tả. Không nên mua.', CURRENT_TIMESTAMP - (random() * 60 || ' days')::interval),
(164, 15, 1, 'Sản phẩm tệ, không giống mô tả. Không nên mua.', CURRENT_TIMESTAMP - (random() * 60 || ' days')::interval),
(151, 15, 4, 'Giao hàng hơi chậm nhưng bù lại chất lượng quá ok.', CURRENT_TIMESTAMP - (random() * 60 || ' days')::interval),
(178, 15, 4, 'Hàng ổn, form đẹp. Tuy nhiên màu hơi khác ảnh một tẹo.', CURRENT_TIMESTAMP - (random() * 60 || ' days')::interval),
(52, 15, 2, 'Hơi thất vọng, chỉ may còn thừa nhiều quá.', CURRENT_TIMESTAMP - (random() * 60 || ' days')::interval),
(70, 15, 5, 'Sản phẩm cực kỳ chất lượng, đáng đồng tiền bát gạo.', CURRENT_TIMESTAMP - (random() * 60 || ' days')::interval),
(125, 15, 4, 'Giao hàng hơi chậm nhưng bù lại chất lượng quá ok.', CURRENT_TIMESTAMP - (random() * 60 || ' days')::interval),
(174, 16, 5, 'Sản phẩm cực kỳ chất lượng, đáng đồng tiền bát gạo.', CURRENT_TIMESTAMP - (random() * 60 || ' days')::interval),
(101, 16, 2, 'Hơi thất vọng, chỉ may còn thừa nhiều quá.', CURRENT_TIMESTAMP - (random() * 60 || ' days')::interval),
(129, 16, 4, 'Hàng ổn, form đẹp. Tuy nhiên màu hơi khác ảnh một tẹo.', CURRENT_TIMESTAMP - (random() * 60 || ' days')::interval),
(75, 16, 1, 'Sản phẩm tệ, không giống mô tả. Không nên mua.', CURRENT_TIMESTAMP - (random() * 60 || ' days')::interval),
(112, 16, 5, 'Giao hàng rất nhanh, đóng gói đẹp. Sẽ quay lại ủng hộ.', CURRENT_TIMESTAMP - (random() * 60 || ' days')::interval),
(162, 16, 5, 'Sản phẩm cực kỳ chất lượng, đáng đồng tiền bát gạo.', CURRENT_TIMESTAMP - (random() * 60 || ' days')::interval),
(48, 16, 4, 'Hàng ổn, form đẹp. Tuy nhiên màu hơi khác ảnh một tẹo.', CURRENT_TIMESTAMP - (random() * 60 || ' days')::interval),
(17, 16, 5, 'Giao hàng rất nhanh, đóng gói đẹp. Sẽ quay lại ủng hộ.', CURRENT_TIMESTAMP - (random() * 60 || ' days')::interval),
(176, 16, 1, 'Sản phẩm tệ, không giống mô tả. Không nên mua.', CURRENT_TIMESTAMP - (random() * 60 || ' days')::interval),
(153, 16, 2, 'Hơi thất vọng, chỉ may còn thừa nhiều quá.', CURRENT_TIMESTAMP - (random() * 60 || ' days')::interval),
(186, 16, 2, 'Hơi thất vọng, chỉ may còn thừa nhiều quá.', CURRENT_TIMESTAMP - (random() * 60 || ' days')::interval),
(142, 16, 3, 'Bình thường, không quá đặc biệt so với giá.', CURRENT_TIMESTAMP - (random() * 60 || ' days')::interval),
(36, 16, 1, 'Sản phẩm tệ, không giống mô tả. Không nên mua.', CURRENT_TIMESTAMP - (random() * 60 || ' days')::interval),
(6, 16, 2, 'Hơi thất vọng, chỉ may còn thừa nhiều quá.', CURRENT_TIMESTAMP - (random() * 60 || ' days')::interval),
(79, 17, 3, 'Bình thường, không quá đặc biệt so với giá.', CURRENT_TIMESTAMP - (random() * 60 || ' days')::interval),
(124, 17, 5, 'Giao hàng rất nhanh, đóng gói đẹp. Sẽ quay lại ủng hộ.', CURRENT_TIMESTAMP - (random() * 60 || ' days')::interval),
(184, 17, 5, 'Sản phẩm cực kỳ chất lượng, đáng đồng tiền bát gạo.', CURRENT_TIMESTAMP - (random() * 60 || ' days')::interval),
(7, 17, 2, 'Hơi thất vọng, chỉ may còn thừa nhiều quá.', CURRENT_TIMESTAMP - (random() * 60 || ' days')::interval),
(61, 17, 4, 'Giao hàng hơi chậm nhưng bù lại chất lượng quá ok.', CURRENT_TIMESTAMP - (random() * 60 || ' days')::interval),
(27, 17, 4, 'Giao hàng hơi chậm nhưng bù lại chất lượng quá ok.', CURRENT_TIMESTAMP - (random() * 60 || ' days')::interval),
(97, 17, 1, 'Sản phẩm tệ, không giống mô tả. Không nên mua.', CURRENT_TIMESTAMP - (random() * 60 || ' days')::interval),
(118, 17, 5, 'Giao hàng rất nhanh, đóng gói đẹp. Sẽ quay lại ủng hộ.', CURRENT_TIMESTAMP - (random() * 60 || ' days')::interval),
(139, 17, 2, 'Hơi thất vọng, chỉ may còn thừa nhiều quá.', CURRENT_TIMESTAMP - (random() * 60 || ' days')::interval),
(186, 17, 5, 'Giao hàng rất nhanh, đóng gói đẹp. Sẽ quay lại ủng hộ.', CURRENT_TIMESTAMP - (random() * 60 || ' days')::interval),
(131, 17, 4, 'Hàng ổn, form đẹp. Tuy nhiên màu hơi khác ảnh một tẹo.', CURRENT_TIMESTAMP - (random() * 60 || ' days')::interval),
(4, 17, 5, 'Tuyệt vời! Vải mặc rất thích, đúng kích cỡ.', CURRENT_TIMESTAMP - (random() * 60 || ' days')::interval),
(199, 17, 1, 'Sản phẩm tệ, không giống mô tả. Không nên mua.', CURRENT_TIMESTAMP - (random() * 60 || ' days')::interval),
(63, 18, 4, 'Giao hàng hơi chậm nhưng bù lại chất lượng quá ok.', CURRENT_TIMESTAMP - (random() * 60 || ' days')::interval),
(10, 18, 2, 'Hơi thất vọng, chỉ may còn thừa nhiều quá.', CURRENT_TIMESTAMP - (random() * 60 || ' days')::interval),
(160, 18, 5, 'Tuyệt vời! Vải mặc rất thích, đúng kích cỡ.', CURRENT_TIMESTAMP - (random() * 60 || ' days')::interval),
(28, 18, 4, 'Giao hàng hơi chậm nhưng bù lại chất lượng quá ok.', CURRENT_TIMESTAMP - (random() * 60 || ' days')::interval),
(12, 18, 5, 'Giao hàng rất nhanh, đóng gói đẹp. Sẽ quay lại ủng hộ.', CURRENT_TIMESTAMP - (random() * 60 || ' days')::interval),
(145, 18, 5, 'Sản phẩm cực kỳ chất lượng, đáng đồng tiền bát gạo.', CURRENT_TIMESTAMP - (random() * 60 || ' days')::interval),
(113, 18, 2, 'Hơi thất vọng, chỉ may còn thừa nhiều quá.', CURRENT_TIMESTAMP - (random() * 60 || ' days')::interval),
(180, 18, 5, 'Giao hàng rất nhanh, đóng gói đẹp. Sẽ quay lại ủng hộ.', CURRENT_TIMESTAMP - (random() * 60 || ' days')::interval),
(184, 18, 4, 'Giao hàng hơi chậm nhưng bù lại chất lượng quá ok.', CURRENT_TIMESTAMP - (random() * 60 || ' days')::interval),
(197, 18, 5, 'Tuyệt vời! Vải mặc rất thích, đúng kích cỡ.', CURRENT_TIMESTAMP - (random() * 60 || ' days')::interval),
(95, 18, 1, 'Sản phẩm tệ, không giống mô tả. Không nên mua.', CURRENT_TIMESTAMP - (random() * 60 || ' days')::interval),
(89, 18, 5, 'Sản phẩm cực kỳ chất lượng, đáng đồng tiền bát gạo.', CURRENT_TIMESTAMP - (random() * 60 || ' days')::interval),
(174, 18, 3, 'Bình thường, không quá đặc biệt so với giá.', CURRENT_TIMESTAMP - (random() * 60 || ' days')::interval),
(7, 19, 5, 'Sản phẩm cực kỳ chất lượng, đáng đồng tiền bát gạo.', CURRENT_TIMESTAMP - (random() * 60 || ' days')::interval),
(87, 19, 1, 'Sản phẩm tệ, không giống mô tả. Không nên mua.', CURRENT_TIMESTAMP - (random() * 60 || ' days')::interval),
(47, 19, 4, 'Hàng ổn, form đẹp. Tuy nhiên màu hơi khác ảnh một tẹo.', CURRENT_TIMESTAMP - (random() * 60 || ' days')::interval),
(10, 19, 5, 'Giao hàng rất nhanh, đóng gói đẹp. Sẽ quay lại ủng hộ.', CURRENT_TIMESTAMP - (random() * 60 || ' days')::interval),
(109, 19, 5, 'Sản phẩm cực kỳ chất lượng, đáng đồng tiền bát gạo.', CURRENT_TIMESTAMP - (random() * 60 || ' days')::interval),
(43, 19, 1, 'Sản phẩm tệ, không giống mô tả. Không nên mua.', CURRENT_TIMESTAMP - (random() * 60 || ' days')::interval),
(32, 19, 3, 'Bình thường, không quá đặc biệt so với giá.', CURRENT_TIMESTAMP - (random() * 60 || ' days')::interval),
(161, 20, 4, 'Giao hàng hơi chậm nhưng bù lại chất lượng quá ok.', CURRENT_TIMESTAMP - (random() * 60 || ' days')::interval),
(152, 20, 3, 'Bình thường, không quá đặc biệt so với giá.', CURRENT_TIMESTAMP - (random() * 60 || ' days')::interval),
(134, 20, 3, 'Bình thường, không quá đặc biệt so với giá.', CURRENT_TIMESTAMP - (random() * 60 || ' days')::interval),
(30, 20, 4, 'Hàng ổn, form đẹp. Tuy nhiên màu hơi khác ảnh một tẹo.', CURRENT_TIMESTAMP - (random() * 60 || ' days')::interval),
(140, 20, 5, 'Giao hàng rất nhanh, đóng gói đẹp. Sẽ quay lại ủng hộ.', CURRENT_TIMESTAMP - (random() * 60 || ' days')::interval),
(11, 20, 2, 'Hơi thất vọng, chỉ may còn thừa nhiều quá.', CURRENT_TIMESTAMP - (random() * 60 || ' days')::interval),
(63, 20, 5, 'Tuyệt vời! Vải mặc rất thích, đúng kích cỡ.', CURRENT_TIMESTAMP - (random() * 60 || ' days')::interval),
(36, 21, 3, 'Bình thường, không quá đặc biệt so với giá.', CURRENT_TIMESTAMP - (random() * 60 || ' days')::interval),
(167, 21, 3, 'Bình thường, không quá đặc biệt so với giá.', CURRENT_TIMESTAMP - (random() * 60 || ' days')::interval),
(67, 21, 5, 'Tuyệt vời! Vải mặc rất thích, đúng kích cỡ.', CURRENT_TIMESTAMP - (random() * 60 || ' days')::interval),
(124, 21, 5, 'Sản phẩm cực kỳ chất lượng, đáng đồng tiền bát gạo.', CURRENT_TIMESTAMP - (random() * 60 || ' days')::interval),
(175, 21, 1, 'Sản phẩm tệ, không giống mô tả. Không nên mua.', CURRENT_TIMESTAMP - (random() * 60 || ' days')::interval),
(150, 21, 4, 'Hàng ổn, form đẹp. Tuy nhiên màu hơi khác ảnh một tẹo.', CURRENT_TIMESTAMP - (random() * 60 || ' days')::interval),
(98, 22, 5, 'Sản phẩm cực kỳ chất lượng, đáng đồng tiền bát gạo.', CURRENT_TIMESTAMP - (random() * 60 || ' days')::interval),
(75, 22, 5, 'Sản phẩm cực kỳ chất lượng, đáng đồng tiền bát gạo.', CURRENT_TIMESTAMP - (random() * 60 || ' days')::interval),
(135, 22, 5, 'Sản phẩm cực kỳ chất lượng, đáng đồng tiền bát gạo.', CURRENT_TIMESTAMP - (random() * 60 || ' days')::interval),
(97, 22, 2, 'Hơi thất vọng, chỉ may còn thừa nhiều quá.', CURRENT_TIMESTAMP - (random() * 60 || ' days')::interval),
(124, 22, 1, 'Sản phẩm tệ, không giống mô tả. Không nên mua.', CURRENT_TIMESTAMP - (random() * 60 || ' days')::interval),
(11, 22, 1, 'Sản phẩm tệ, không giống mô tả. Không nên mua.', CURRENT_TIMESTAMP - (random() * 60 || ' days')::interval),
(118, 22, 3, 'Bình thường, không quá đặc biệt so với giá.', CURRENT_TIMESTAMP - (random() * 60 || ' days')::interval),
(183, 23, 4, 'Hàng ổn, form đẹp. Tuy nhiên màu hơi khác ảnh một tẹo.', CURRENT_TIMESTAMP - (random() * 60 || ' days')::interval),
(8, 23, 5, 'Sản phẩm cực kỳ chất lượng, đáng đồng tiền bát gạo.', CURRENT_TIMESTAMP - (random() * 60 || ' days')::interval),
(149, 23, 2, 'Hơi thất vọng, chỉ may còn thừa nhiều quá.', CURRENT_TIMESTAMP - (random() * 60 || ' days')::interval),
(131, 23, 4, 'Hàng ổn, form đẹp. Tuy nhiên màu hơi khác ảnh một tẹo.', CURRENT_TIMESTAMP - (random() * 60 || ' days')::interval),
(22, 23, 5, 'Sản phẩm cực kỳ chất lượng, đáng đồng tiền bát gạo.', CURRENT_TIMESTAMP - (random() * 60 || ' days')::interval),
(26, 23, 3, 'Bình thường, không quá đặc biệt so với giá.', CURRENT_TIMESTAMP - (random() * 60 || ' days')::interval),
(71, 23, 5, 'Giao hàng rất nhanh, đóng gói đẹp. Sẽ quay lại ủng hộ.', CURRENT_TIMESTAMP - (random() * 60 || ' days')::interval),
(58, 23, 4, 'Hàng ổn, form đẹp. Tuy nhiên màu hơi khác ảnh một tẹo.', CURRENT_TIMESTAMP - (random() * 60 || ' days')::interval),
(5, 23, 5, 'Tuyệt vời! Vải mặc rất thích, đúng kích cỡ.', CURRENT_TIMESTAMP - (random() * 60 || ' days')::interval),
(144, 24, 5, 'Tuyệt vời! Vải mặc rất thích, đúng kích cỡ.', CURRENT_TIMESTAMP - (random() * 60 || ' days')::interval),
(124, 24, 3, 'Bình thường, không quá đặc biệt so với giá.', CURRENT_TIMESTAMP - (random() * 60 || ' days')::interval),
(198, 24, 5, 'Tuyệt vời! Vải mặc rất thích, đúng kích cỡ.', CURRENT_TIMESTAMP - (random() * 60 || ' days')::interval),
(42, 24, 2, 'Hơi thất vọng, chỉ may còn thừa nhiều quá.', CURRENT_TIMESTAMP - (random() * 60 || ' days')::interval),
(163, 24, 2, 'Hơi thất vọng, chỉ may còn thừa nhiều quá.', CURRENT_TIMESTAMP - (random() * 60 || ' days')::interval),
(189, 24, 5, 'Sản phẩm cực kỳ chất lượng, đáng đồng tiền bát gạo.', CURRENT_TIMESTAMP - (random() * 60 || ' days')::interval),
(132, 24, 4, 'Giao hàng hơi chậm nhưng bù lại chất lượng quá ok.', CURRENT_TIMESTAMP - (random() * 60 || ' days')::interval),
(89, 24, 5, 'Tuyệt vời! Vải mặc rất thích, đúng kích cỡ.', CURRENT_TIMESTAMP - (random() * 60 || ' days')::interval),
(43, 24, 4, 'Hàng ổn, form đẹp. Tuy nhiên màu hơi khác ảnh một tẹo.', CURRENT_TIMESTAMP - (random() * 60 || ' days')::interval),
(54, 24, 5, 'Sản phẩm cực kỳ chất lượng, đáng đồng tiền bát gạo.', CURRENT_TIMESTAMP - (random() * 60 || ' days')::interval),
(65, 24, 5, 'Tuyệt vời! Vải mặc rất thích, đúng kích cỡ.', CURRENT_TIMESTAMP - (random() * 60 || ' days')::interval),
(176, 24, 4, 'Hàng ổn, form đẹp. Tuy nhiên màu hơi khác ảnh một tẹo.', CURRENT_TIMESTAMP - (random() * 60 || ' days')::interval),
(95, 24, 3, 'Bình thường, không quá đặc biệt so với giá.', CURRENT_TIMESTAMP - (random() * 60 || ' days')::interval),
(23, 24, 4, 'Giao hàng hơi chậm nhưng bù lại chất lượng quá ok.', CURRENT_TIMESTAMP - (random() * 60 || ' days')::interval),
(123, 25, 3, 'Bình thường, không quá đặc biệt so với giá.', CURRENT_TIMESTAMP - (random() * 60 || ' days')::interval),
(172, 25, 4, 'Giao hàng hơi chậm nhưng bù lại chất lượng quá ok.', CURRENT_TIMESTAMP - (random() * 60 || ' days')::interval),
(169, 25, 5, 'Tuyệt vời! Vải mặc rất thích, đúng kích cỡ.', CURRENT_TIMESTAMP - (random() * 60 || ' days')::interval),
(153, 25, 2, 'Hơi thất vọng, chỉ may còn thừa nhiều quá.', CURRENT_TIMESTAMP - (random() * 60 || ' days')::interval),
(55, 25, 1, 'Sản phẩm tệ, không giống mô tả. Không nên mua.', CURRENT_TIMESTAMP - (random() * 60 || ' days')::interval),
(114, 25, 3, 'Bình thường, không quá đặc biệt so với giá.', CURRENT_TIMESTAMP - (random() * 60 || ' days')::interval),
(155, 25, 4, 'Giao hàng hơi chậm nhưng bù lại chất lượng quá ok.', CURRENT_TIMESTAMP - (random() * 60 || ' days')::interval),
(79, 25, 4, 'Hàng ổn, form đẹp. Tuy nhiên màu hơi khác ảnh một tẹo.', CURRENT_TIMESTAMP - (random() * 60 || ' days')::interval),
(44, 25, 5, 'Giao hàng rất nhanh, đóng gói đẹp. Sẽ quay lại ủng hộ.', CURRENT_TIMESTAMP - (random() * 60 || ' days')::interval),
(162, 25, 4, 'Giao hàng hơi chậm nhưng bù lại chất lượng quá ok.', CURRENT_TIMESTAMP - (random() * 60 || ' days')::interval),
(115, 25, 5, 'Tuyệt vời! Vải mặc rất thích, đúng kích cỡ.', CURRENT_TIMESTAMP - (random() * 60 || ' days')::interval),
(158, 25, 2, 'Hơi thất vọng, chỉ may còn thừa nhiều quá.', CURRENT_TIMESTAMP - (random() * 60 || ' days')::interval),
(67, 25, 2, 'Hơi thất vọng, chỉ may còn thừa nhiều quá.', CURRENT_TIMESTAMP - (random() * 60 || ' days')::interval),
(9, 25, 4, 'Hàng ổn, form đẹp. Tuy nhiên màu hơi khác ảnh một tẹo.', CURRENT_TIMESTAMP - (random() * 60 || ' days')::interval),
(68, 25, 5, 'Sản phẩm cực kỳ chất lượng, đáng đồng tiền bát gạo.', CURRENT_TIMESTAMP - (random() * 60 || ' days')::interval),
(130, 26, 3, 'Bình thường, không quá đặc biệt so với giá.', CURRENT_TIMESTAMP - (random() * 60 || ' days')::interval),
(192, 26, 4, 'Giao hàng hơi chậm nhưng bù lại chất lượng quá ok.', CURRENT_TIMESTAMP - (random() * 60 || ' days')::interval),
(164, 26, 5, 'Sản phẩm cực kỳ chất lượng, đáng đồng tiền bát gạo.', CURRENT_TIMESTAMP - (random() * 60 || ' days')::interval),
(113, 26, 5, 'Sản phẩm cực kỳ chất lượng, đáng đồng tiền bát gạo.', CURRENT_TIMESTAMP - (random() * 60 || ' days')::interval),
(193, 26, 5, 'Sản phẩm cực kỳ chất lượng, đáng đồng tiền bát gạo.', CURRENT_TIMESTAMP - (random() * 60 || ' days')::interval),
(66, 26, 5, 'Tuyệt vời! Vải mặc rất thích, đúng kích cỡ.', CURRENT_TIMESTAMP - (random() * 60 || ' days')::interval),
(189, 26, 4, 'Hàng ổn, form đẹp. Tuy nhiên màu hơi khác ảnh một tẹo.', CURRENT_TIMESTAMP - (random() * 60 || ' days')::interval),
(10, 27, 1, 'Sản phẩm tệ, không giống mô tả. Không nên mua.', CURRENT_TIMESTAMP - (random() * 60 || ' days')::interval),
(125, 27, 2, 'Hơi thất vọng, chỉ may còn thừa nhiều quá.', CURRENT_TIMESTAMP - (random() * 60 || ' days')::interval),
(108, 27, 5, 'Tuyệt vời! Vải mặc rất thích, đúng kích cỡ.', CURRENT_TIMESTAMP - (random() * 60 || ' days')::interval),
(164, 27, 1, 'Sản phẩm tệ, không giống mô tả. Không nên mua.', CURRENT_TIMESTAMP - (random() * 60 || ' days')::interval),
(105, 27, 4, 'Hàng ổn, form đẹp. Tuy nhiên màu hơi khác ảnh một tẹo.', CURRENT_TIMESTAMP - (random() * 60 || ' days')::interval),
(5, 27, 5, 'Sản phẩm cực kỳ chất lượng, đáng đồng tiền bát gạo.', CURRENT_TIMESTAMP - (random() * 60 || ' days')::interval),
(47, 27, 4, 'Giao hàng hơi chậm nhưng bù lại chất lượng quá ok.', CURRENT_TIMESTAMP - (random() * 60 || ' days')::interval),
(154, 27, 4, 'Giao hàng hơi chậm nhưng bù lại chất lượng quá ok.', CURRENT_TIMESTAMP - (random() * 60 || ' days')::interval),
(7, 27, 5, 'Giao hàng rất nhanh, đóng gói đẹp. Sẽ quay lại ủng hộ.', CURRENT_TIMESTAMP - (random() * 60 || ' days')::interval),
(162, 27, 2, 'Hơi thất vọng, chỉ may còn thừa nhiều quá.', CURRENT_TIMESTAMP - (random() * 60 || ' days')::interval),
(79, 27, 4, 'Hàng ổn, form đẹp. Tuy nhiên màu hơi khác ảnh một tẹo.', CURRENT_TIMESTAMP - (random() * 60 || ' days')::interval),
(68, 27, 4, 'Hàng ổn, form đẹp. Tuy nhiên màu hơi khác ảnh một tẹo.', CURRENT_TIMESTAMP - (random() * 60 || ' days')::interval),
(74, 28, 4, 'Hàng ổn, form đẹp. Tuy nhiên màu hơi khác ảnh một tẹo.', CURRENT_TIMESTAMP - (random() * 60 || ' days')::interval),
(28, 28, 2, 'Hơi thất vọng, chỉ may còn thừa nhiều quá.', CURRENT_TIMESTAMP - (random() * 60 || ' days')::interval),
(154, 28, 5, 'Tuyệt vời! Vải mặc rất thích, đúng kích cỡ.', CURRENT_TIMESTAMP - (random() * 60 || ' days')::interval),
(49, 28, 3, 'Bình thường, không quá đặc biệt so với giá.', CURRENT_TIMESTAMP - (random() * 60 || ' days')::interval),
(63, 28, 5, 'Tuyệt vời! Vải mặc rất thích, đúng kích cỡ.', CURRENT_TIMESTAMP - (random() * 60 || ' days')::interval),
(194, 28, 5, 'Sản phẩm cực kỳ chất lượng, đáng đồng tiền bát gạo.', CURRENT_TIMESTAMP - (random() * 60 || ' days')::interval),
(23, 28, 1, 'Sản phẩm tệ, không giống mô tả. Không nên mua.', CURRENT_TIMESTAMP - (random() * 60 || ' days')::interval),
(124, 28, 4, 'Giao hàng hơi chậm nhưng bù lại chất lượng quá ok.', CURRENT_TIMESTAMP - (random() * 60 || ' days')::interval),
(171, 28, 1, 'Sản phẩm tệ, không giống mô tả. Không nên mua.', CURRENT_TIMESTAMP - (random() * 60 || ' days')::interval),
(132, 28, 5, 'Tuyệt vời! Vải mặc rất thích, đúng kích cỡ.', CURRENT_TIMESTAMP - (random() * 60 || ' days')::interval),
(95, 29, 5, 'Giao hàng rất nhanh, đóng gói đẹp. Sẽ quay lại ủng hộ.', CURRENT_TIMESTAMP - (random() * 60 || ' days')::interval),
(177, 29, 5, 'Giao hàng rất nhanh, đóng gói đẹp. Sẽ quay lại ủng hộ.', CURRENT_TIMESTAMP - (random() * 60 || ' days')::interval),
(4, 29, 4, 'Giao hàng hơi chậm nhưng bù lại chất lượng quá ok.', CURRENT_TIMESTAMP - (random() * 60 || ' days')::interval),
(57, 29, 5, 'Tuyệt vời! Vải mặc rất thích, đúng kích cỡ.', CURRENT_TIMESTAMP - (random() * 60 || ' days')::interval),
(76, 29, 3, 'Bình thường, không quá đặc biệt so với giá.', CURRENT_TIMESTAMP - (random() * 60 || ' days')::interval),
(5, 29, 3, 'Bình thường, không quá đặc biệt so với giá.', CURRENT_TIMESTAMP - (random() * 60 || ' days')::interval),
(127, 29, 5, 'Giao hàng rất nhanh, đóng gói đẹp. Sẽ quay lại ủng hộ.', CURRENT_TIMESTAMP - (random() * 60 || ' days')::interval),
(116, 29, 4, 'Hàng ổn, form đẹp. Tuy nhiên màu hơi khác ảnh một tẹo.', CURRENT_TIMESTAMP - (random() * 60 || ' days')::interval),
(146, 29, 5, 'Tuyệt vời! Vải mặc rất thích, đúng kích cỡ.', CURRENT_TIMESTAMP - (random() * 60 || ' days')::interval),
(198, 29, 3, 'Bình thường, không quá đặc biệt so với giá.', CURRENT_TIMESTAMP - (random() * 60 || ' days')::interval),
(164, 29, 1, 'Sản phẩm tệ, không giống mô tả. Không nên mua.', CURRENT_TIMESTAMP - (random() * 60 || ' days')::interval),
(68, 29, 5, 'Sản phẩm cực kỳ chất lượng, đáng đồng tiền bát gạo.', CURRENT_TIMESTAMP - (random() * 60 || ' days')::interval),
(31, 29, 5, 'Giao hàng rất nhanh, đóng gói đẹp. Sẽ quay lại ủng hộ.', CURRENT_TIMESTAMP - (random() * 60 || ' days')::interval),
(100, 29, 2, 'Hơi thất vọng, chỉ may còn thừa nhiều quá.', CURRENT_TIMESTAMP - (random() * 60 || ' days')::interval),
(22, 30, 5, 'Sản phẩm cực kỳ chất lượng, đáng đồng tiền bát gạo.', CURRENT_TIMESTAMP - (random() * 60 || ' days')::interval),
(132, 30, 4, 'Giao hàng hơi chậm nhưng bù lại chất lượng quá ok.', CURRENT_TIMESTAMP - (random() * 60 || ' days')::interval),
(150, 30, 5, 'Sản phẩm cực kỳ chất lượng, đáng đồng tiền bát gạo.', CURRENT_TIMESTAMP - (random() * 60 || ' days')::interval),
(164, 30, 2, 'Hơi thất vọng, chỉ may còn thừa nhiều quá.', CURRENT_TIMESTAMP - (random() * 60 || ' days')::interval),
(130, 30, 3, 'Bình thường, không quá đặc biệt so với giá.', CURRENT_TIMESTAMP - (random() * 60 || ' days')::interval),
(21, 30, 3, 'Bình thường, không quá đặc biệt so với giá.', CURRENT_TIMESTAMP - (random() * 60 || ' days')::interval),
(56, 30, 5, 'Tuyệt vời! Vải mặc rất thích, đúng kích cỡ.', CURRENT_TIMESTAMP - (random() * 60 || ' days')::interval),
(127, 30, 1, 'Sản phẩm tệ, không giống mô tả. Không nên mua.', CURRENT_TIMESTAMP - (random() * 60 || ' days')::interval),
(2, 30, 5, 'Sản phẩm cực kỳ chất lượng, đáng đồng tiền bát gạo.', CURRENT_TIMESTAMP - (random() * 60 || ' days')::interval),
(184, 30, 4, 'Giao hàng hơi chậm nhưng bù lại chất lượng quá ok.', CURRENT_TIMESTAMP - (random() * 60 || ' days')::interval),
(41, 30, 5, 'Sản phẩm cực kỳ chất lượng, đáng đồng tiền bát gạo.', CURRENT_TIMESTAMP - (random() * 60 || ' days')::interval),
(174, 30, 1, 'Sản phẩm tệ, không giống mô tả. Không nên mua.', CURRENT_TIMESTAMP - (random() * 60 || ' days')::interval),
(195, 30, 4, 'Giao hàng hơi chậm nhưng bù lại chất lượng quá ok.', CURRENT_TIMESTAMP - (random() * 60 || ' days')::interval),
(139, 31, 4, 'Giao hàng hơi chậm nhưng bù lại chất lượng quá ok.', CURRENT_TIMESTAMP - (random() * 60 || ' days')::interval),
(29, 31, 1, 'Sản phẩm tệ, không giống mô tả. Không nên mua.', CURRENT_TIMESTAMP - (random() * 60 || ' days')::interval),
(121, 31, 2, 'Hơi thất vọng, chỉ may còn thừa nhiều quá.', CURRENT_TIMESTAMP - (random() * 60 || ' days')::interval),
(71, 31, 4, 'Hàng ổn, form đẹp. Tuy nhiên màu hơi khác ảnh một tẹo.', CURRENT_TIMESTAMP - (random() * 60 || ' days')::interval),
(83, 31, 3, 'Bình thường, không quá đặc biệt so với giá.', CURRENT_TIMESTAMP - (random() * 60 || ' days')::interval),
(126, 31, 4, 'Giao hàng hơi chậm nhưng bù lại chất lượng quá ok.', CURRENT_TIMESTAMP - (random() * 60 || ' days')::interval),
(134, 31, 5, 'Sản phẩm cực kỳ chất lượng, đáng đồng tiền bát gạo.', CURRENT_TIMESTAMP - (random() * 60 || ' days')::interval),
(186, 31, 5, 'Tuyệt vời! Vải mặc rất thích, đúng kích cỡ.', CURRENT_TIMESTAMP - (random() * 60 || ' days')::interval),
(44, 31, 5, 'Giao hàng rất nhanh, đóng gói đẹp. Sẽ quay lại ủng hộ.', CURRENT_TIMESTAMP - (random() * 60 || ' days')::interval),
(87, 31, 5, 'Giao hàng rất nhanh, đóng gói đẹp. Sẽ quay lại ủng hộ.', CURRENT_TIMESTAMP - (random() * 60 || ' days')::interval),
(103, 31, 4, 'Hàng ổn, form đẹp. Tuy nhiên màu hơi khác ảnh một tẹo.', CURRENT_TIMESTAMP - (random() * 60 || ' days')::interval),
(116, 31, 4, 'Giao hàng hơi chậm nhưng bù lại chất lượng quá ok.', CURRENT_TIMESTAMP - (random() * 60 || ' days')::interval),
(3, 31, 4, 'Hàng ổn, form đẹp. Tuy nhiên màu hơi khác ảnh một tẹo.', CURRENT_TIMESTAMP - (random() * 60 || ' days')::interval),
(30, 31, 2, 'Hơi thất vọng, chỉ may còn thừa nhiều quá.', CURRENT_TIMESTAMP - (random() * 60 || ' days')::interval),
(67, 32, 2, 'Hơi thất vọng, chỉ may còn thừa nhiều quá.', CURRENT_TIMESTAMP - (random() * 60 || ' days')::interval),
(44, 32, 3, 'Bình thường, không quá đặc biệt so với giá.', CURRENT_TIMESTAMP - (random() * 60 || ' days')::interval),
(133, 32, 5, 'Sản phẩm cực kỳ chất lượng, đáng đồng tiền bát gạo.', CURRENT_TIMESTAMP - (random() * 60 || ' days')::interval),
(102, 32, 2, 'Hơi thất vọng, chỉ may còn thừa nhiều quá.', CURRENT_TIMESTAMP - (random() * 60 || ' days')::interval),
(22, 32, 3, 'Bình thường, không quá đặc biệt so với giá.', CURRENT_TIMESTAMP - (random() * 60 || ' days')::interval),
(82, 32, 5, 'Sản phẩm cực kỳ chất lượng, đáng đồng tiền bát gạo.', CURRENT_TIMESTAMP - (random() * 60 || ' days')::interval),
(119, 32, 5, 'Sản phẩm cực kỳ chất lượng, đáng đồng tiền bát gạo.', CURRENT_TIMESTAMP - (random() * 60 || ' days')::interval),
(114, 33, 3, 'Bình thường, không quá đặc biệt so với giá.', CURRENT_TIMESTAMP - (random() * 60 || ' days')::interval),
(84, 33, 1, 'Sản phẩm tệ, không giống mô tả. Không nên mua.', CURRENT_TIMESTAMP - (random() * 60 || ' days')::interval),
(31, 33, 2, 'Hơi thất vọng, chỉ may còn thừa nhiều quá.', CURRENT_TIMESTAMP - (random() * 60 || ' days')::interval),
(83, 33, 3, 'Bình thường, không quá đặc biệt so với giá.', CURRENT_TIMESTAMP - (random() * 60 || ' days')::interval),
(21, 33, 5, 'Sản phẩm cực kỳ chất lượng, đáng đồng tiền bát gạo.', CURRENT_TIMESTAMP - (random() * 60 || ' days')::interval),
(51, 33, 3, 'Bình thường, không quá đặc biệt so với giá.', CURRENT_TIMESTAMP - (random() * 60 || ' days')::interval),
(15, 33, 1, 'Sản phẩm tệ, không giống mô tả. Không nên mua.', CURRENT_TIMESTAMP - (random() * 60 || ' days')::interval),
(61, 33, 1, 'Sản phẩm tệ, không giống mô tả. Không nên mua.', CURRENT_TIMESTAMP - (random() * 60 || ' days')::interval),
(46, 33, 5, 'Tuyệt vời! Vải mặc rất thích, đúng kích cỡ.', CURRENT_TIMESTAMP - (random() * 60 || ' days')::interval),
(118, 33, 5, 'Tuyệt vời! Vải mặc rất thích, đúng kích cỡ.', CURRENT_TIMESTAMP - (random() * 60 || ' days')::interval),
(45, 33, 4, 'Hàng ổn, form đẹp. Tuy nhiên màu hơi khác ảnh một tẹo.', CURRENT_TIMESTAMP - (random() * 60 || ' days')::interval),
(169, 33, 2, 'Hơi thất vọng, chỉ may còn thừa nhiều quá.', CURRENT_TIMESTAMP - (random() * 60 || ' days')::interval),
(3, 33, 5, 'Tuyệt vời! Vải mặc rất thích, đúng kích cỡ.', CURRENT_TIMESTAMP - (random() * 60 || ' days')::interval),
(189, 33, 4, 'Hàng ổn, form đẹp. Tuy nhiên màu hơi khác ảnh một tẹo.', CURRENT_TIMESTAMP - (random() * 60 || ' days')::interval),
(11, 34, 2, 'Hơi thất vọng, chỉ may còn thừa nhiều quá.', CURRENT_TIMESTAMP - (random() * 60 || ' days')::interval),
(122, 34, 4, 'Giao hàng hơi chậm nhưng bù lại chất lượng quá ok.', CURRENT_TIMESTAMP - (random() * 60 || ' days')::interval),
(90, 34, 1, 'Sản phẩm tệ, không giống mô tả. Không nên mua.', CURRENT_TIMESTAMP - (random() * 60 || ' days')::interval),
(195, 34, 2, 'Hơi thất vọng, chỉ may còn thừa nhiều quá.', CURRENT_TIMESTAMP - (random() * 60 || ' days')::interval),
(41, 34, 4, 'Giao hàng hơi chậm nhưng bù lại chất lượng quá ok.', CURRENT_TIMESTAMP - (random() * 60 || ' days')::interval),
(181, 34, 4, 'Hàng ổn, form đẹp. Tuy nhiên màu hơi khác ảnh một tẹo.', CURRENT_TIMESTAMP - (random() * 60 || ' days')::interval),
(52, 34, 2, 'Hơi thất vọng, chỉ may còn thừa nhiều quá.', CURRENT_TIMESTAMP - (random() * 60 || ' days')::interval),
(21, 34, 3, 'Bình thường, không quá đặc biệt so với giá.', CURRENT_TIMESTAMP - (random() * 60 || ' days')::interval),
(10, 34, 5, 'Tuyệt vời! Vải mặc rất thích, đúng kích cỡ.', CURRENT_TIMESTAMP - (random() * 60 || ' days')::interval),
(129, 34, 5, 'Tuyệt vời! Vải mặc rất thích, đúng kích cỡ.', CURRENT_TIMESTAMP - (random() * 60 || ' days')::interval),
(120, 34, 5, 'Giao hàng rất nhanh, đóng gói đẹp. Sẽ quay lại ủng hộ.', CURRENT_TIMESTAMP - (random() * 60 || ' days')::interval),
(113, 34, 2, 'Hơi thất vọng, chỉ may còn thừa nhiều quá.', CURRENT_TIMESTAMP - (random() * 60 || ' days')::interval),
(174, 34, 5, 'Sản phẩm cực kỳ chất lượng, đáng đồng tiền bát gạo.', CURRENT_TIMESTAMP - (random() * 60 || ' days')::interval),
(77, 34, 4, 'Giao hàng hơi chậm nhưng bù lại chất lượng quá ok.', CURRENT_TIMESTAMP - (random() * 60 || ' days')::interval),
(194, 35, 1, 'Sản phẩm tệ, không giống mô tả. Không nên mua.', CURRENT_TIMESTAMP - (random() * 60 || ' days')::interval),
(61, 35, 1, 'Sản phẩm tệ, không giống mô tả. Không nên mua.', CURRENT_TIMESTAMP - (random() * 60 || ' days')::interval),
(100, 35, 4, 'Hàng ổn, form đẹp. Tuy nhiên màu hơi khác ảnh một tẹo.', CURRENT_TIMESTAMP - (random() * 60 || ' days')::interval),
(34, 35, 5, 'Giao hàng rất nhanh, đóng gói đẹp. Sẽ quay lại ủng hộ.', CURRENT_TIMESTAMP - (random() * 60 || ' days')::interval),
(54, 35, 5, 'Tuyệt vời! Vải mặc rất thích, đúng kích cỡ.', CURRENT_TIMESTAMP - (random() * 60 || ' days')::interval),
(88, 35, 5, 'Tuyệt vời! Vải mặc rất thích, đúng kích cỡ.', CURRENT_TIMESTAMP - (random() * 60 || ' days')::interval),
(81, 35, 3, 'Bình thường, không quá đặc biệt so với giá.', CURRENT_TIMESTAMP - (random() * 60 || ' days')::interval),
(118, 35, 5, 'Giao hàng rất nhanh, đóng gói đẹp. Sẽ quay lại ủng hộ.', CURRENT_TIMESTAMP - (random() * 60 || ' days')::interval),
(40, 35, 1, 'Sản phẩm tệ, không giống mô tả. Không nên mua.', CURRENT_TIMESTAMP - (random() * 60 || ' days')::interval),
(134, 35, 4, 'Hàng ổn, form đẹp. Tuy nhiên màu hơi khác ảnh một tẹo.', CURRENT_TIMESTAMP - (random() * 60 || ' days')::interval),
(176, 35, 1, 'Sản phẩm tệ, không giống mô tả. Không nên mua.', CURRENT_TIMESTAMP - (random() * 60 || ' days')::interval),
(2, 35, 4, 'Hàng ổn, form đẹp. Tuy nhiên màu hơi khác ảnh một tẹo.', CURRENT_TIMESTAMP - (random() * 60 || ' days')::interval),
(29, 35, 3, 'Bình thường, không quá đặc biệt so với giá.', CURRENT_TIMESTAMP - (random() * 60 || ' days')::interval),
(179, 35, 5, 'Tuyệt vời! Vải mặc rất thích, đúng kích cỡ.', CURRENT_TIMESTAMP - (random() * 60 || ' days')::interval),
(115, 35, 1, 'Sản phẩm tệ, không giống mô tả. Không nên mua.', CURRENT_TIMESTAMP - (random() * 60 || ' days')::interval),
(5, 36, 1, 'Sản phẩm tệ, không giống mô tả. Không nên mua.', CURRENT_TIMESTAMP - (random() * 60 || ' days')::interval),
(18, 36, 4, 'Hàng ổn, form đẹp. Tuy nhiên màu hơi khác ảnh một tẹo.', CURRENT_TIMESTAMP - (random() * 60 || ' days')::interval),
(96, 36, 3, 'Bình thường, không quá đặc biệt so với giá.', CURRENT_TIMESTAMP - (random() * 60 || ' days')::interval),
(50, 36, 5, 'Giao hàng rất nhanh, đóng gói đẹp. Sẽ quay lại ủng hộ.', CURRENT_TIMESTAMP - (random() * 60 || ' days')::interval),
(162, 36, 1, 'Sản phẩm tệ, không giống mô tả. Không nên mua.', CURRENT_TIMESTAMP - (random() * 60 || ' days')::interval),
(95, 36, 4, 'Hàng ổn, form đẹp. Tuy nhiên màu hơi khác ảnh một tẹo.', CURRENT_TIMESTAMP - (random() * 60 || ' days')::interval),
(164, 36, 5, 'Sản phẩm cực kỳ chất lượng, đáng đồng tiền bát gạo.', CURRENT_TIMESTAMP - (random() * 60 || ' days')::interval),
(17, 36, 3, 'Bình thường, không quá đặc biệt so với giá.', CURRENT_TIMESTAMP - (random() * 60 || ' days')::interval),
(8, 37, 5, 'Sản phẩm cực kỳ chất lượng, đáng đồng tiền bát gạo.', CURRENT_TIMESTAMP - (random() * 60 || ' days')::interval),
(76, 37, 4, 'Hàng ổn, form đẹp. Tuy nhiên màu hơi khác ảnh một tẹo.', CURRENT_TIMESTAMP - (random() * 60 || ' days')::interval),
(37, 37, 5, 'Tuyệt vời! Vải mặc rất thích, đúng kích cỡ.', CURRENT_TIMESTAMP - (random() * 60 || ' days')::interval),
(12, 37, 4, 'Giao hàng hơi chậm nhưng bù lại chất lượng quá ok.', CURRENT_TIMESTAMP - (random() * 60 || ' days')::interval),
(125, 37, 5, 'Sản phẩm cực kỳ chất lượng, đáng đồng tiền bát gạo.', CURRENT_TIMESTAMP - (random() * 60 || ' days')::interval),
(159, 37, 5, 'Sản phẩm cực kỳ chất lượng, đáng đồng tiền bát gạo.', CURRENT_TIMESTAMP - (random() * 60 || ' days')::interval),
(139, 37, 4, 'Giao hàng hơi chậm nhưng bù lại chất lượng quá ok.', CURRENT_TIMESTAMP - (random() * 60 || ' days')::interval),
(90, 38, 4, 'Hàng ổn, form đẹp. Tuy nhiên màu hơi khác ảnh một tẹo.', CURRENT_TIMESTAMP - (random() * 60 || ' days')::interval),
(133, 38, 5, 'Tuyệt vời! Vải mặc rất thích, đúng kích cỡ.', CURRENT_TIMESTAMP - (random() * 60 || ' days')::interval),
(189, 38, 4, 'Giao hàng hơi chậm nhưng bù lại chất lượng quá ok.', CURRENT_TIMESTAMP - (random() * 60 || ' days')::interval),
(37, 38, 2, 'Hơi thất vọng, chỉ may còn thừa nhiều quá.', CURRENT_TIMESTAMP - (random() * 60 || ' days')::interval),
(110, 38, 2, 'Hơi thất vọng, chỉ may còn thừa nhiều quá.', CURRENT_TIMESTAMP - (random() * 60 || ' days')::interval),
(100, 38, 3, 'Bình thường, không quá đặc biệt so với giá.', CURRENT_TIMESTAMP - (random() * 60 || ' days')::interval),
(43, 38, 3, 'Bình thường, không quá đặc biệt so với giá.', CURRENT_TIMESTAMP - (random() * 60 || ' days')::interval),
(193, 38, 3, 'Bình thường, không quá đặc biệt so với giá.', CURRENT_TIMESTAMP - (random() * 60 || ' days')::interval),
(163, 38, 4, 'Hàng ổn, form đẹp. Tuy nhiên màu hơi khác ảnh một tẹo.', CURRENT_TIMESTAMP - (random() * 60 || ' days')::interval),
(46, 39, 2, 'Hơi thất vọng, chỉ may còn thừa nhiều quá.', CURRENT_TIMESTAMP - (random() * 60 || ' days')::interval),
(92, 39, 4, 'Giao hàng hơi chậm nhưng bù lại chất lượng quá ok.', CURRENT_TIMESTAMP - (random() * 60 || ' days')::interval),
(170, 39, 4, 'Giao hàng hơi chậm nhưng bù lại chất lượng quá ok.', CURRENT_TIMESTAMP - (random() * 60 || ' days')::interval),
(116, 39, 4, 'Hàng ổn, form đẹp. Tuy nhiên màu hơi khác ảnh một tẹo.', CURRENT_TIMESTAMP - (random() * 60 || ' days')::interval),
(9, 39, 1, 'Sản phẩm tệ, không giống mô tả. Không nên mua.', CURRENT_TIMESTAMP - (random() * 60 || ' days')::interval),
(180, 39, 2, 'Hơi thất vọng, chỉ may còn thừa nhiều quá.', CURRENT_TIMESTAMP - (random() * 60 || ' days')::interval),
(142, 39, 1, 'Sản phẩm tệ, không giống mô tả. Không nên mua.', CURRENT_TIMESTAMP - (random() * 60 || ' days')::interval),
(160, 39, 5, 'Sản phẩm cực kỳ chất lượng, đáng đồng tiền bát gạo.', CURRENT_TIMESTAMP - (random() * 60 || ' days')::interval),
(106, 39, 2, 'Hơi thất vọng, chỉ may còn thừa nhiều quá.', CURRENT_TIMESTAMP - (random() * 60 || ' days')::interval),
(97, 39, 4, 'Giao hàng hơi chậm nhưng bù lại chất lượng quá ok.', CURRENT_TIMESTAMP - (random() * 60 || ' days')::interval),
(68, 40, 5, 'Giao hàng rất nhanh, đóng gói đẹp. Sẽ quay lại ủng hộ.', CURRENT_TIMESTAMP - (random() * 60 || ' days')::interval),
(171, 40, 1, 'Sản phẩm tệ, không giống mô tả. Không nên mua.', CURRENT_TIMESTAMP - (random() * 60 || ' days')::interval),
(145, 40, 5, 'Tuyệt vời! Vải mặc rất thích, đúng kích cỡ.', CURRENT_TIMESTAMP - (random() * 60 || ' days')::interval),
(87, 40, 5, 'Sản phẩm cực kỳ chất lượng, đáng đồng tiền bát gạo.', CURRENT_TIMESTAMP - (random() * 60 || ' days')::interval),
(16, 40, 2, 'Hơi thất vọng, chỉ may còn thừa nhiều quá.', CURRENT_TIMESTAMP - (random() * 60 || ' days')::interval),
(136, 40, 5, 'Sản phẩm cực kỳ chất lượng, đáng đồng tiền bát gạo.', CURRENT_TIMESTAMP - (random() * 60 || ' days')::interval),
(85, 40, 5, 'Giao hàng rất nhanh, đóng gói đẹp. Sẽ quay lại ủng hộ.', CURRENT_TIMESTAMP - (random() * 60 || ' days')::interval),
(177, 40, 5, 'Sản phẩm cực kỳ chất lượng, đáng đồng tiền bát gạo.', CURRENT_TIMESTAMP - (random() * 60 || ' days')::interval) ON CONFLICT DO NOTHING;

-- 8. Product Comments
INSERT INTO ProductComments (CustomerID, ProductID, Content, CommentDate, IsVisible) VALUES
(20, 1, 'Shop ơi, bao lâu thì có hàng lại ạ?', CURRENT_TIMESTAMP - (random() * 30 || ' days')::interval, TRUE),
(29, 1, 'Bên mình có được kiểm tra hàng trước khi thanh toán không?', CURRENT_TIMESTAMP - (random() * 30 || ' days')::interval, TRUE),
(191, 1, 'Có màu xanh dương không ạ?', CURRENT_TIMESTAMP - (random() * 30 || ' days')::interval, TRUE),
(83, 2, 'Có màu xanh dương không ạ?', CURRENT_TIMESTAMP - (random() * 30 || ' days')::interval, TRUE),
(109, 2, 'Shop ơi, bao lâu thì có hàng lại ạ?', CURRENT_TIMESTAMP - (random() * 30 || ' days')::interval, TRUE),
(167, 2, 'Shop ơi, bao lâu thì có hàng lại ạ?', CURRENT_TIMESTAMP - (random() * 30 || ' days')::interval, TRUE),
(115, 2, 'Sản phẩm này còn size L không shop?', CURRENT_TIMESTAMP - (random() * 30 || ' days')::interval, TRUE),
(130, 2, 'Có màu xanh dương không ạ?', CURRENT_TIMESTAMP - (random() * 30 || ' days')::interval, TRUE),
(25, 2, 'Ship về Đà Nẵng mất bao lâu vậy shop?', CURRENT_TIMESTAMP - (random() * 30 || ' days')::interval, TRUE),
(99, 2, 'Có màu xanh dương không ạ?', CURRENT_TIMESTAMP - (random() * 30 || ' days')::interval, TRUE),
(163, 3, 'Bên mình có được kiểm tra hàng trước khi thanh toán không?', CURRENT_TIMESTAMP - (random() * 30 || ' days')::interval, TRUE),
(185, 3, 'Mẫu này đẹp quá, chốt đơn!', CURRENT_TIMESTAMP - (random() * 30 || ' days')::interval, TRUE),
(124, 3, 'Mẫu này đẹp quá, chốt đơn!', CURRENT_TIMESTAMP - (random() * 30 || ' days')::interval, TRUE),
(125, 4, 'Có màu xanh dương không ạ?', CURRENT_TIMESTAMP - (random() * 30 || ' days')::interval, TRUE),
(179, 4, 'Ship về Đà Nẵng mất bao lâu vậy shop?', CURRENT_TIMESTAMP - (random() * 30 || ' days')::interval, TRUE),
(80, 4, 'Shop ơi, bao lâu thì có hàng lại ạ?', CURRENT_TIMESTAMP - (random() * 30 || ' days')::interval, TRUE),
(117, 4, 'Sản phẩm này còn size L không shop?', CURRENT_TIMESTAMP - (random() * 30 || ' days')::interval, TRUE),
(119, 4, 'Cho mình xin ảnh thật sản phẩm với.', CURRENT_TIMESTAMP - (random() * 30 || ' days')::interval, TRUE),
(88, 4, 'Có màu xanh dương không ạ?', CURRENT_TIMESTAMP - (random() * 30 || ' days')::interval, TRUE),
(102, 5, 'Sản phẩm này còn size L không shop?', CURRENT_TIMESTAMP - (random() * 30 || ' days')::interval, TRUE),
(15, 5, 'Bên mình có được kiểm tra hàng trước khi thanh toán không?', CURRENT_TIMESTAMP - (random() * 30 || ' days')::interval, TRUE),
(39, 5, 'Cho mình xin ảnh thật sản phẩm với.', CURRENT_TIMESTAMP - (random() * 30 || ' days')::interval, TRUE),
(141, 5, 'Có màu xanh dương không ạ?', CURRENT_TIMESTAMP - (random() * 30 || ' days')::interval, TRUE),
(184, 5, 'Mẫu này đẹp quá, chốt đơn!', CURRENT_TIMESTAMP - (random() * 30 || ' days')::interval, TRUE),
(48, 5, 'Có màu xanh dương không ạ?', CURRENT_TIMESTAMP - (random() * 30 || ' days')::interval, TRUE),
(196, 6, 'Shop ơi, bao lâu thì có hàng lại ạ?', CURRENT_TIMESTAMP - (random() * 30 || ' days')::interval, TRUE),
(88, 6, 'Sản phẩm này còn size L không shop?', CURRENT_TIMESTAMP - (random() * 30 || ' days')::interval, TRUE),
(101, 6, 'Shop ơi, bao lâu thì có hàng lại ạ?', CURRENT_TIMESTAMP - (random() * 30 || ' days')::interval, TRUE),
(69, 6, 'Sản phẩm này còn size L không shop?', CURRENT_TIMESTAMP - (random() * 30 || ' days')::interval, TRUE),
(146, 6, 'Minh cao 1m7 nặng 70kg mặc size nào vừa?', CURRENT_TIMESTAMP - (random() * 30 || ' days')::interval, TRUE),
(190, 6, 'Cho mình xin ảnh thật sản phẩm với.', CURRENT_TIMESTAMP - (random() * 30 || ' days')::interval, TRUE),
(42, 7, 'Minh cao 1m7 nặng 70kg mặc size nào vừa?', CURRENT_TIMESTAMP - (random() * 30 || ' days')::interval, TRUE),
(79, 7, 'Mẫu này đẹp quá, chốt đơn!', CURRENT_TIMESTAMP - (random() * 30 || ' days')::interval, TRUE),
(93, 7, 'Cho mình xin ảnh thật sản phẩm với.', CURRENT_TIMESTAMP - (random() * 30 || ' days')::interval, TRUE),
(98, 7, 'Bên mình có được kiểm tra hàng trước khi thanh toán không?', CURRENT_TIMESTAMP - (random() * 30 || ' days')::interval, TRUE),
(25, 7, 'Bên mình có được kiểm tra hàng trước khi thanh toán không?', CURRENT_TIMESTAMP - (random() * 30 || ' days')::interval, TRUE),
(82, 7, 'Shop ơi, bao lâu thì có hàng lại ạ?', CURRENT_TIMESTAMP - (random() * 30 || ' days')::interval, TRUE),
(116, 7, 'Ship về Đà Nẵng mất bao lâu vậy shop?', CURRENT_TIMESTAMP - (random() * 30 || ' days')::interval, TRUE),
(107, 8, 'Có màu xanh dương không ạ?', CURRENT_TIMESTAMP - (random() * 30 || ' days')::interval, TRUE),
(124, 8, 'Bên mình có được kiểm tra hàng trước khi thanh toán không?', CURRENT_TIMESTAMP - (random() * 30 || ' days')::interval, TRUE),
(97, 8, 'Mẫu này đẹp quá, chốt đơn!', CURRENT_TIMESTAMP - (random() * 30 || ' days')::interval, TRUE),
(79, 8, 'Minh cao 1m7 nặng 70kg mặc size nào vừa?', CURRENT_TIMESTAMP - (random() * 30 || ' days')::interval, TRUE),
(113, 8, 'Mẫu này đẹp quá, chốt đơn!', CURRENT_TIMESTAMP - (random() * 30 || ' days')::interval, TRUE),
(149, 8, 'Bên mình có được kiểm tra hàng trước khi thanh toán không?', CURRENT_TIMESTAMP - (random() * 30 || ' days')::interval, TRUE),
(18, 8, 'Minh cao 1m7 nặng 70kg mặc size nào vừa?', CURRENT_TIMESTAMP - (random() * 30 || ' days')::interval, TRUE),
(158, 8, 'Bên mình có được kiểm tra hàng trước khi thanh toán không?', CURRENT_TIMESTAMP - (random() * 30 || ' days')::interval, TRUE),
(16, 9, 'Có màu xanh dương không ạ?', CURRENT_TIMESTAMP - (random() * 30 || ' days')::interval, TRUE),
(17, 9, 'Minh cao 1m7 nặng 70kg mặc size nào vừa?', CURRENT_TIMESTAMP - (random() * 30 || ' days')::interval, TRUE),
(164, 9, 'Shop ơi, bao lâu thì có hàng lại ạ?', CURRENT_TIMESTAMP - (random() * 30 || ' days')::interval, TRUE),
(153, 9, 'Có màu xanh dương không ạ?', CURRENT_TIMESTAMP - (random() * 30 || ' days')::interval, TRUE),
(39, 9, 'Minh cao 1m7 nặng 70kg mặc size nào vừa?', CURRENT_TIMESTAMP - (random() * 30 || ' days')::interval, TRUE),
(97, 9, 'Shop ơi, bao lâu thì có hàng lại ạ?', CURRENT_TIMESTAMP - (random() * 30 || ' days')::interval, TRUE),
(37, 9, 'Ship về Đà Nẵng mất bao lâu vậy shop?', CURRENT_TIMESTAMP - (random() * 30 || ' days')::interval, TRUE),
(84, 10, 'Có màu xanh dương không ạ?', CURRENT_TIMESTAMP - (random() * 30 || ' days')::interval, TRUE),
(33, 10, 'Sản phẩm này còn size L không shop?', CURRENT_TIMESTAMP - (random() * 30 || ' days')::interval, TRUE),
(35, 10, 'Sản phẩm này còn size L không shop?', CURRENT_TIMESTAMP - (random() * 30 || ' days')::interval, TRUE),
(161, 10, 'Bên mình có được kiểm tra hàng trước khi thanh toán không?', CURRENT_TIMESTAMP - (random() * 30 || ' days')::interval, TRUE),
(187, 10, 'Cho mình xin ảnh thật sản phẩm với.', CURRENT_TIMESTAMP - (random() * 30 || ' days')::interval, TRUE),
(31, 11, 'Cho mình xin ảnh thật sản phẩm với.', CURRENT_TIMESTAMP - (random() * 30 || ' days')::interval, TRUE),
(200, 11, 'Sản phẩm này còn size L không shop?', CURRENT_TIMESTAMP - (random() * 30 || ' days')::interval, TRUE),
(161, 11, 'Sản phẩm này còn size L không shop?', CURRENT_TIMESTAMP - (random() * 30 || ' days')::interval, TRUE),
(122, 11, 'Shop ơi, bao lâu thì có hàng lại ạ?', CURRENT_TIMESTAMP - (random() * 30 || ' days')::interval, TRUE),
(123, 11, 'Minh cao 1m7 nặng 70kg mặc size nào vừa?', CURRENT_TIMESTAMP - (random() * 30 || ' days')::interval, TRUE),
(120, 12, 'Mẫu này đẹp quá, chốt đơn!', CURRENT_TIMESTAMP - (random() * 30 || ' days')::interval, TRUE),
(106, 12, 'Minh cao 1m7 nặng 70kg mặc size nào vừa?', CURRENT_TIMESTAMP - (random() * 30 || ' days')::interval, TRUE),
(67, 12, 'Shop ơi, bao lâu thì có hàng lại ạ?', CURRENT_TIMESTAMP - (random() * 30 || ' days')::interval, TRUE),
(34, 13, 'Shop ơi, bao lâu thì có hàng lại ạ?', CURRENT_TIMESTAMP - (random() * 30 || ' days')::interval, TRUE),
(13, 13, 'Ship về Đà Nẵng mất bao lâu vậy shop?', CURRENT_TIMESTAMP - (random() * 30 || ' days')::interval, TRUE),
(86, 13, 'Sản phẩm này còn size L không shop?', CURRENT_TIMESTAMP - (random() * 30 || ' days')::interval, TRUE),
(165, 13, 'Cho mình xin ảnh thật sản phẩm với.', CURRENT_TIMESTAMP - (random() * 30 || ' days')::interval, TRUE),
(11, 13, 'Shop ơi, bao lâu thì có hàng lại ạ?', CURRENT_TIMESTAMP - (random() * 30 || ' days')::interval, TRUE),
(195, 13, 'Mẫu này đẹp quá, chốt đơn!', CURRENT_TIMESTAMP - (random() * 30 || ' days')::interval, TRUE),
(146, 13, 'Shop ơi, bao lâu thì có hàng lại ạ?', CURRENT_TIMESTAMP - (random() * 30 || ' days')::interval, TRUE),
(50, 14, 'Mẫu này đẹp quá, chốt đơn!', CURRENT_TIMESTAMP - (random() * 30 || ' days')::interval, TRUE),
(198, 14, 'Shop ơi, bao lâu thì có hàng lại ạ?', CURRENT_TIMESTAMP - (random() * 30 || ' days')::interval, TRUE),
(122, 14, 'Có màu xanh dương không ạ?', CURRENT_TIMESTAMP - (random() * 30 || ' days')::interval, TRUE),
(102, 14, 'Có màu xanh dương không ạ?', CURRENT_TIMESTAMP - (random() * 30 || ' days')::interval, TRUE),
(120, 15, 'Shop ơi, bao lâu thì có hàng lại ạ?', CURRENT_TIMESTAMP - (random() * 30 || ' days')::interval, TRUE),
(92, 15, 'Bên mình có được kiểm tra hàng trước khi thanh toán không?', CURRENT_TIMESTAMP - (random() * 30 || ' days')::interval, TRUE),
(142, 15, 'Sản phẩm này còn size L không shop?', CURRENT_TIMESTAMP - (random() * 30 || ' days')::interval, TRUE),
(169, 15, 'Bên mình có được kiểm tra hàng trước khi thanh toán không?', CURRENT_TIMESTAMP - (random() * 30 || ' days')::interval, TRUE),
(25, 16, 'Bên mình có được kiểm tra hàng trước khi thanh toán không?', CURRENT_TIMESTAMP - (random() * 30 || ' days')::interval, TRUE),
(31, 16, 'Minh cao 1m7 nặng 70kg mặc size nào vừa?', CURRENT_TIMESTAMP - (random() * 30 || ' days')::interval, TRUE),
(60, 16, 'Ship về Đà Nẵng mất bao lâu vậy shop?', CURRENT_TIMESTAMP - (random() * 30 || ' days')::interval, TRUE),
(176, 16, 'Mẫu này đẹp quá, chốt đơn!', CURRENT_TIMESTAMP - (random() * 30 || ' days')::interval, TRUE),
(8, 17, 'Minh cao 1m7 nặng 70kg mặc size nào vừa?', CURRENT_TIMESTAMP - (random() * 30 || ' days')::interval, TRUE),
(135, 17, 'Mẫu này đẹp quá, chốt đơn!', CURRENT_TIMESTAMP - (random() * 30 || ' days')::interval, TRUE),
(69, 17, 'Sản phẩm này còn size L không shop?', CURRENT_TIMESTAMP - (random() * 30 || ' days')::interval, TRUE),
(154, 17, 'Shop ơi, bao lâu thì có hàng lại ạ?', CURRENT_TIMESTAMP - (random() * 30 || ' days')::interval, TRUE),
(75, 17, 'Có màu xanh dương không ạ?', CURRENT_TIMESTAMP - (random() * 30 || ' days')::interval, TRUE),
(180, 17, 'Bên mình có được kiểm tra hàng trước khi thanh toán không?', CURRENT_TIMESTAMP - (random() * 30 || ' days')::interval, TRUE),
(60, 17, 'Mẫu này đẹp quá, chốt đơn!', CURRENT_TIMESTAMP - (random() * 30 || ' days')::interval, TRUE),
(89, 18, 'Sản phẩm này còn size L không shop?', CURRENT_TIMESTAMP - (random() * 30 || ' days')::interval, TRUE),
(150, 18, 'Mẫu này đẹp quá, chốt đơn!', CURRENT_TIMESTAMP - (random() * 30 || ' days')::interval, TRUE),
(39, 18, 'Có màu xanh dương không ạ?', CURRENT_TIMESTAMP - (random() * 30 || ' days')::interval, TRUE),
(124, 18, 'Cho mình xin ảnh thật sản phẩm với.', CURRENT_TIMESTAMP - (random() * 30 || ' days')::interval, TRUE),
(36, 19, 'Minh cao 1m7 nặng 70kg mặc size nào vừa?', CURRENT_TIMESTAMP - (random() * 30 || ' days')::interval, TRUE),
(192, 19, 'Bên mình có được kiểm tra hàng trước khi thanh toán không?', CURRENT_TIMESTAMP - (random() * 30 || ' days')::interval, TRUE),
(106, 19, 'Minh cao 1m7 nặng 70kg mặc size nào vừa?', CURRENT_TIMESTAMP - (random() * 30 || ' days')::interval, TRUE),
(118, 19, 'Sản phẩm này còn size L không shop?', CURRENT_TIMESTAMP - (random() * 30 || ' days')::interval, TRUE),
(114, 19, 'Bên mình có được kiểm tra hàng trước khi thanh toán không?', CURRENT_TIMESTAMP - (random() * 30 || ' days')::interval, TRUE),
(147, 20, 'Sản phẩm này còn size L không shop?', CURRENT_TIMESTAMP - (random() * 30 || ' days')::interval, TRUE),
(32, 20, 'Ship về Đà Nẵng mất bao lâu vậy shop?', CURRENT_TIMESTAMP - (random() * 30 || ' days')::interval, TRUE),
(131, 20, 'Minh cao 1m7 nặng 70kg mặc size nào vừa?', CURRENT_TIMESTAMP - (random() * 30 || ' days')::interval, TRUE),
(27, 20, 'Cho mình xin ảnh thật sản phẩm với.', CURRENT_TIMESTAMP - (random() * 30 || ' days')::interval, TRUE),
(71, 20, 'Shop ơi, bao lâu thì có hàng lại ạ?', CURRENT_TIMESTAMP - (random() * 30 || ' days')::interval, TRUE),
(183, 20, 'Sản phẩm này còn size L không shop?', CURRENT_TIMESTAMP - (random() * 30 || ' days')::interval, TRUE),
(76, 20, 'Bên mình có được kiểm tra hàng trước khi thanh toán không?', CURRENT_TIMESTAMP - (random() * 30 || ' days')::interval, TRUE),
(53, 20, 'Minh cao 1m7 nặng 70kg mặc size nào vừa?', CURRENT_TIMESTAMP - (random() * 30 || ' days')::interval, TRUE),
(182, 21, 'Có màu xanh dương không ạ?', CURRENT_TIMESTAMP - (random() * 30 || ' days')::interval, TRUE),
(29, 21, 'Ship về Đà Nẵng mất bao lâu vậy shop?', CURRENT_TIMESTAMP - (random() * 30 || ' days')::interval, TRUE),
(95, 21, 'Ship về Đà Nẵng mất bao lâu vậy shop?', CURRENT_TIMESTAMP - (random() * 30 || ' days')::interval, TRUE),
(114, 21, 'Shop ơi, bao lâu thì có hàng lại ạ?', CURRENT_TIMESTAMP - (random() * 30 || ' days')::interval, TRUE),
(121, 22, 'Shop ơi, bao lâu thì có hàng lại ạ?', CURRENT_TIMESTAMP - (random() * 30 || ' days')::interval, TRUE),
(162, 22, 'Bên mình có được kiểm tra hàng trước khi thanh toán không?', CURRENT_TIMESTAMP - (random() * 30 || ' days')::interval, TRUE),
(136, 22, 'Bên mình có được kiểm tra hàng trước khi thanh toán không?', CURRENT_TIMESTAMP - (random() * 30 || ' days')::interval, TRUE),
(147, 22, 'Cho mình xin ảnh thật sản phẩm với.', CURRENT_TIMESTAMP - (random() * 30 || ' days')::interval, TRUE),
(149, 22, 'Có màu xanh dương không ạ?', CURRENT_TIMESTAMP - (random() * 30 || ' days')::interval, TRUE),
(165, 22, 'Mẫu này đẹp quá, chốt đơn!', CURRENT_TIMESTAMP - (random() * 30 || ' days')::interval, TRUE),
(141, 23, 'Shop ơi, bao lâu thì có hàng lại ạ?', CURRENT_TIMESTAMP - (random() * 30 || ' days')::interval, TRUE),
(19, 23, 'Minh cao 1m7 nặng 70kg mặc size nào vừa?', CURRENT_TIMESTAMP - (random() * 30 || ' days')::interval, TRUE),
(2, 23, 'Sản phẩm này còn size L không shop?', CURRENT_TIMESTAMP - (random() * 30 || ' days')::interval, TRUE),
(177, 23, 'Minh cao 1m7 nặng 70kg mặc size nào vừa?', CURRENT_TIMESTAMP - (random() * 30 || ' days')::interval, TRUE),
(153, 23, 'Mẫu này đẹp quá, chốt đơn!', CURRENT_TIMESTAMP - (random() * 30 || ' days')::interval, TRUE),
(40, 24, 'Cho mình xin ảnh thật sản phẩm với.', CURRENT_TIMESTAMP - (random() * 30 || ' days')::interval, TRUE),
(77, 24, 'Minh cao 1m7 nặng 70kg mặc size nào vừa?', CURRENT_TIMESTAMP - (random() * 30 || ' days')::interval, TRUE),
(182, 24, 'Ship về Đà Nẵng mất bao lâu vậy shop?', CURRENT_TIMESTAMP - (random() * 30 || ' days')::interval, TRUE),
(93, 24, 'Bên mình có được kiểm tra hàng trước khi thanh toán không?', CURRENT_TIMESTAMP - (random() * 30 || ' days')::interval, TRUE),
(190, 24, 'Mẫu này đẹp quá, chốt đơn!', CURRENT_TIMESTAMP - (random() * 30 || ' days')::interval, TRUE),
(28, 24, 'Có màu xanh dương không ạ?', CURRENT_TIMESTAMP - (random() * 30 || ' days')::interval, TRUE),
(143, 24, 'Ship về Đà Nẵng mất bao lâu vậy shop?', CURRENT_TIMESTAMP - (random() * 30 || ' days')::interval, TRUE),
(114, 24, 'Ship về Đà Nẵng mất bao lâu vậy shop?', CURRENT_TIMESTAMP - (random() * 30 || ' days')::interval, TRUE),
(144, 25, 'Có màu xanh dương không ạ?', CURRENT_TIMESTAMP - (random() * 30 || ' days')::interval, TRUE),
(183, 25, 'Shop ơi, bao lâu thì có hàng lại ạ?', CURRENT_TIMESTAMP - (random() * 30 || ' days')::interval, TRUE),
(50, 25, 'Cho mình xin ảnh thật sản phẩm với.', CURRENT_TIMESTAMP - (random() * 30 || ' days')::interval, TRUE),
(195, 26, 'Cho mình xin ảnh thật sản phẩm với.', CURRENT_TIMESTAMP - (random() * 30 || ' days')::interval, TRUE),
(10, 26, 'Cho mình xin ảnh thật sản phẩm với.', CURRENT_TIMESTAMP - (random() * 30 || ' days')::interval, TRUE),
(184, 26, 'Có màu xanh dương không ạ?', CURRENT_TIMESTAMP - (random() * 30 || ' days')::interval, TRUE),
(3, 26, 'Ship về Đà Nẵng mất bao lâu vậy shop?', CURRENT_TIMESTAMP - (random() * 30 || ' days')::interval, TRUE),
(93, 27, 'Mẫu này đẹp quá, chốt đơn!', CURRENT_TIMESTAMP - (random() * 30 || ' days')::interval, TRUE),
(53, 27, 'Sản phẩm này còn size L không shop?', CURRENT_TIMESTAMP - (random() * 30 || ' days')::interval, TRUE),
(112, 27, 'Cho mình xin ảnh thật sản phẩm với.', CURRENT_TIMESTAMP - (random() * 30 || ' days')::interval, TRUE),
(162, 27, 'Ship về Đà Nẵng mất bao lâu vậy shop?', CURRENT_TIMESTAMP - (random() * 30 || ' days')::interval, TRUE),
(6, 27, 'Có màu xanh dương không ạ?', CURRENT_TIMESTAMP - (random() * 30 || ' days')::interval, TRUE),
(67, 27, 'Mẫu này đẹp quá, chốt đơn!', CURRENT_TIMESTAMP - (random() * 30 || ' days')::interval, TRUE),
(172, 28, 'Có màu xanh dương không ạ?', CURRENT_TIMESTAMP - (random() * 30 || ' days')::interval, TRUE),
(123, 28, 'Sản phẩm này còn size L không shop?', CURRENT_TIMESTAMP - (random() * 30 || ' days')::interval, TRUE),
(31, 28, 'Minh cao 1m7 nặng 70kg mặc size nào vừa?', CURRENT_TIMESTAMP - (random() * 30 || ' days')::interval, TRUE),
(174, 28, 'Minh cao 1m7 nặng 70kg mặc size nào vừa?', CURRENT_TIMESTAMP - (random() * 30 || ' days')::interval, TRUE),
(113, 28, 'Có màu xanh dương không ạ?', CURRENT_TIMESTAMP - (random() * 30 || ' days')::interval, TRUE),
(196, 28, 'Minh cao 1m7 nặng 70kg mặc size nào vừa?', CURRENT_TIMESTAMP - (random() * 30 || ' days')::interval, TRUE),
(199, 28, 'Cho mình xin ảnh thật sản phẩm với.', CURRENT_TIMESTAMP - (random() * 30 || ' days')::interval, TRUE),
(134, 29, 'Có màu xanh dương không ạ?', CURRENT_TIMESTAMP - (random() * 30 || ' days')::interval, TRUE),
(172, 29, 'Mẫu này đẹp quá, chốt đơn!', CURRENT_TIMESTAMP - (random() * 30 || ' days')::interval, TRUE),
(200, 29, 'Có màu xanh dương không ạ?', CURRENT_TIMESTAMP - (random() * 30 || ' days')::interval, TRUE),
(120, 29, 'Shop ơi, bao lâu thì có hàng lại ạ?', CURRENT_TIMESTAMP - (random() * 30 || ' days')::interval, TRUE),
(35, 29, 'Bên mình có được kiểm tra hàng trước khi thanh toán không?', CURRENT_TIMESTAMP - (random() * 30 || ' days')::interval, TRUE),
(20, 30, 'Có màu xanh dương không ạ?', CURRENT_TIMESTAMP - (random() * 30 || ' days')::interval, TRUE),
(89, 30, 'Cho mình xin ảnh thật sản phẩm với.', CURRENT_TIMESTAMP - (random() * 30 || ' days')::interval, TRUE),
(88, 30, 'Có màu xanh dương không ạ?', CURRENT_TIMESTAMP - (random() * 30 || ' days')::interval, TRUE),
(170, 30, 'Shop ơi, bao lâu thì có hàng lại ạ?', CURRENT_TIMESTAMP - (random() * 30 || ' days')::interval, TRUE),
(41, 30, 'Minh cao 1m7 nặng 70kg mặc size nào vừa?', CURRENT_TIMESTAMP - (random() * 30 || ' days')::interval, TRUE),
(61, 30, 'Bên mình có được kiểm tra hàng trước khi thanh toán không?', CURRENT_TIMESTAMP - (random() * 30 || ' days')::interval, TRUE),
(67, 31, 'Có màu xanh dương không ạ?', CURRENT_TIMESTAMP - (random() * 30 || ' days')::interval, TRUE),
(197, 31, 'Có màu xanh dương không ạ?', CURRENT_TIMESTAMP - (random() * 30 || ' days')::interval, TRUE),
(22, 31, 'Cho mình xin ảnh thật sản phẩm với.', CURRENT_TIMESTAMP - (random() * 30 || ' days')::interval, TRUE),
(125, 31, 'Cho mình xin ảnh thật sản phẩm với.', CURRENT_TIMESTAMP - (random() * 30 || ' days')::interval, TRUE),
(99, 32, 'Minh cao 1m7 nặng 70kg mặc size nào vừa?', CURRENT_TIMESTAMP - (random() * 30 || ' days')::interval, TRUE),
(153, 32, 'Cho mình xin ảnh thật sản phẩm với.', CURRENT_TIMESTAMP - (random() * 30 || ' days')::interval, TRUE),
(34, 32, 'Có màu xanh dương không ạ?', CURRENT_TIMESTAMP - (random() * 30 || ' days')::interval, TRUE),
(65, 32, 'Sản phẩm này còn size L không shop?', CURRENT_TIMESTAMP - (random() * 30 || ' days')::interval, TRUE),
(127, 33, 'Sản phẩm này còn size L không shop?', CURRENT_TIMESTAMP - (random() * 30 || ' days')::interval, TRUE),
(155, 33, 'Bên mình có được kiểm tra hàng trước khi thanh toán không?', CURRENT_TIMESTAMP - (random() * 30 || ' days')::interval, TRUE),
(2, 33, 'Ship về Đà Nẵng mất bao lâu vậy shop?', CURRENT_TIMESTAMP - (random() * 30 || ' days')::interval, TRUE),
(52, 33, 'Mẫu này đẹp quá, chốt đơn!', CURRENT_TIMESTAMP - (random() * 30 || ' days')::interval, TRUE),
(139, 34, 'Sản phẩm này còn size L không shop?', CURRENT_TIMESTAMP - (random() * 30 || ' days')::interval, TRUE),
(59, 34, 'Minh cao 1m7 nặng 70kg mặc size nào vừa?', CURRENT_TIMESTAMP - (random() * 30 || ' days')::interval, TRUE),
(54, 34, 'Minh cao 1m7 nặng 70kg mặc size nào vừa?', CURRENT_TIMESTAMP - (random() * 30 || ' days')::interval, TRUE),
(168, 34, 'Ship về Đà Nẵng mất bao lâu vậy shop?', CURRENT_TIMESTAMP - (random() * 30 || ' days')::interval, TRUE),
(12, 34, 'Có màu xanh dương không ạ?', CURRENT_TIMESTAMP - (random() * 30 || ' days')::interval, TRUE),
(67, 34, 'Ship về Đà Nẵng mất bao lâu vậy shop?', CURRENT_TIMESTAMP - (random() * 30 || ' days')::interval, TRUE),
(82, 34, 'Bên mình có được kiểm tra hàng trước khi thanh toán không?', CURRENT_TIMESTAMP - (random() * 30 || ' days')::interval, TRUE),
(180, 35, 'Shop ơi, bao lâu thì có hàng lại ạ?', CURRENT_TIMESTAMP - (random() * 30 || ' days')::interval, TRUE),
(93, 35, 'Shop ơi, bao lâu thì có hàng lại ạ?', CURRENT_TIMESTAMP - (random() * 30 || ' days')::interval, TRUE),
(72, 35, 'Có màu xanh dương không ạ?', CURRENT_TIMESTAMP - (random() * 30 || ' days')::interval, TRUE),
(159, 36, 'Cho mình xin ảnh thật sản phẩm với.', CURRENT_TIMESTAMP - (random() * 30 || ' days')::interval, TRUE),
(91, 36, 'Bên mình có được kiểm tra hàng trước khi thanh toán không?', CURRENT_TIMESTAMP - (random() * 30 || ' days')::interval, TRUE),
(27, 36, 'Bên mình có được kiểm tra hàng trước khi thanh toán không?', CURRENT_TIMESTAMP - (random() * 30 || ' days')::interval, TRUE),
(123, 37, 'Mẫu này đẹp quá, chốt đơn!', CURRENT_TIMESTAMP - (random() * 30 || ' days')::interval, TRUE),
(49, 37, 'Shop ơi, bao lâu thì có hàng lại ạ?', CURRENT_TIMESTAMP - (random() * 30 || ' days')::interval, TRUE),
(48, 37, 'Minh cao 1m7 nặng 70kg mặc size nào vừa?', CURRENT_TIMESTAMP - (random() * 30 || ' days')::interval, TRUE),
(30, 37, 'Bên mình có được kiểm tra hàng trước khi thanh toán không?', CURRENT_TIMESTAMP - (random() * 30 || ' days')::interval, TRUE),
(188, 37, 'Mẫu này đẹp quá, chốt đơn!', CURRENT_TIMESTAMP - (random() * 30 || ' days')::interval, TRUE),
(140, 37, 'Shop ơi, bao lâu thì có hàng lại ạ?', CURRENT_TIMESTAMP - (random() * 30 || ' days')::interval, TRUE),
(141, 37, 'Cho mình xin ảnh thật sản phẩm với.', CURRENT_TIMESTAMP - (random() * 30 || ' days')::interval, TRUE),
(108, 38, 'Có màu xanh dương không ạ?', CURRENT_TIMESTAMP - (random() * 30 || ' days')::interval, TRUE),
(9, 38, 'Ship về Đà Nẵng mất bao lâu vậy shop?', CURRENT_TIMESTAMP - (random() * 30 || ' days')::interval, TRUE),
(124, 38, 'Bên mình có được kiểm tra hàng trước khi thanh toán không?', CURRENT_TIMESTAMP - (random() * 30 || ' days')::interval, TRUE),
(133, 38, 'Sản phẩm này còn size L không shop?', CURRENT_TIMESTAMP - (random() * 30 || ' days')::interval, TRUE),
(65, 38, 'Shop ơi, bao lâu thì có hàng lại ạ?', CURRENT_TIMESTAMP - (random() * 30 || ' days')::interval, TRUE),
(168, 38, 'Minh cao 1m7 nặng 70kg mặc size nào vừa?', CURRENT_TIMESTAMP - (random() * 30 || ' days')::interval, TRUE),
(26, 38, 'Bên mình có được kiểm tra hàng trước khi thanh toán không?', CURRENT_TIMESTAMP - (random() * 30 || ' days')::interval, TRUE),
(47, 38, 'Bên mình có được kiểm tra hàng trước khi thanh toán không?', CURRENT_TIMESTAMP - (random() * 30 || ' days')::interval, TRUE),
(147, 39, 'Ship về Đà Nẵng mất bao lâu vậy shop?', CURRENT_TIMESTAMP - (random() * 30 || ' days')::interval, TRUE),
(67, 39, 'Shop ơi, bao lâu thì có hàng lại ạ?', CURRENT_TIMESTAMP - (random() * 30 || ' days')::interval, TRUE),
(186, 39, 'Bên mình có được kiểm tra hàng trước khi thanh toán không?', CURRENT_TIMESTAMP - (random() * 30 || ' days')::interval, TRUE),
(37, 39, 'Bên mình có được kiểm tra hàng trước khi thanh toán không?', CURRENT_TIMESTAMP - (random() * 30 || ' days')::interval, TRUE),
(199, 39, 'Có màu xanh dương không ạ?', CURRENT_TIMESTAMP - (random() * 30 || ' days')::interval, TRUE),
(80, 39, 'Shop ơi, bao lâu thì có hàng lại ạ?', CURRENT_TIMESTAMP - (random() * 30 || ' days')::interval, TRUE),
(116, 39, 'Ship về Đà Nẵng mất bao lâu vậy shop?', CURRENT_TIMESTAMP - (random() * 30 || ' days')::interval, TRUE),
(61, 39, 'Shop ơi, bao lâu thì có hàng lại ạ?', CURRENT_TIMESTAMP - (random() * 30 || ' days')::interval, TRUE),
(65, 40, 'Cho mình xin ảnh thật sản phẩm với.', CURRENT_TIMESTAMP - (random() * 30 || ' days')::interval, TRUE),
(160, 40, 'Cho mình xin ảnh thật sản phẩm với.', CURRENT_TIMESTAMP - (random() * 30 || ' days')::interval, TRUE),
(39, 40, 'Bên mình có được kiểm tra hàng trước khi thanh toán không?', CURRENT_TIMESTAMP - (random() * 30 || ' days')::interval, TRUE),
(151, 40, 'Mẫu này đẹp quá, chốt đơn!', CURRENT_TIMESTAMP - (random() * 30 || ' days')::interval, TRUE);

-- 9. Orders (1000 Generated via PL/PGSQL)

DO $$
DECLARE
    v_CustomerId INT;
    v_OrderId INT;
    v_ProductId INT;
    v_VariantId INT;
    v_Price DECIMAL(18,2);
    v_Date TIMESTAMP;
    i INT;
    j INT;
BEGIN
    FOR i IN 1..1000 LOOP
        v_CustomerId := floor(random() * 199 + 2)::int;
        v_Date := CURRENT_TIMESTAMP - (random() * 730 || ' days')::interval;
        
        INSERT INTO Orders (CustomerID, OrderDate, TotalAmount, Status, PaymentMethod, ShippingAddress)
        VALUES (v_CustomerId, v_Date, 0, 
                CASE floor(random() * 4)::int 
                    WHEN 0 THEN 'Delivered' 
                    WHEN 1 THEN 'Processing' 
                    WHEN 2 THEN 'Shipped' 
                    ELSE 'Delivered' END,
                CASE floor(random() * 2)::int WHEN 0 THEN 'COD' ELSE 'Bank Transfer' END,
                'Address Info')
        RETURNING OrderID INTO v_OrderId;
        
        FOR j IN 1..floor(random() * 4 + 1)::int LOOP
            v_ProductId := floor(random() * 40 + 1)::int;
            SELECT VariantID INTO v_VariantId FROM ProductVariants WHERE ProductID = v_ProductId AND Quantity > 10 LIMIT 1;
            
            IF v_VariantId IS NOT NULL THEN
                SELECT Price INTO v_Price FROM Products WHERE ProductID = v_ProductId;
                INSERT INTO OrderDetails (OrderID, VariantID, Quantity, Price)
                VALUES (v_OrderId, v_VariantId, floor(random() * 2 + 1)::int, v_Price);
            END IF;
        END LOOP;
        
        UPDATE Orders SET TotalAmount = COALESCE((SELECT SUM(Quantity * Price) FROM OrderDetails WHERE OrderID = v_OrderId), 0) WHERE OrderID = v_OrderId;
    END LOOP;
END $$;


-- 10. Reset Sequences
SELECT setval('categories_categoryid_seq', (SELECT MAX(categoryid) FROM categories));
SELECT setval('colors_colorid_seq', (SELECT MAX(colorid) FROM colors));
SELECT setval('sizes_sizeid_seq', (SELECT MAX(sizeid) FROM sizes));
SELECT setval('customers_customerid_seq', (SELECT MAX(customerid) FROM customers));
SELECT setval('products_productid_seq', (SELECT MAX(productid) FROM products));
SELECT setval('productvariants_variantid_seq', (SELECT MAX(variantid) FROM productvariants));
SELECT setval('orders_orderid_seq', COALESCE((SELECT MAX(orderid) FROM orders), 1));
SELECT setval('orderdetails_orderdetailid_seq', COALESCE((SELECT MAX(orderdetailid) FROM orderdetails), 1));